Date,Close,High,Low,Open,Volume,SMA_10,SMA_50,Daily_Return,Volatility,RSI,Target_5d_Return
2020-03-13,246.12281799316406,248.09677526977262,227.11436995312613,240.42941305337604,329566100,262.87859497070315,291.7632025146484,0.08548613712307729,0.04326827919946306,34.81117966394602,-0.1454573973002321
2020-03-16,219.19114685058594,234.7725780910604,216.91561153342053,220.4065784730682,297240000,256.5509780883789,290.2092611694336,-0.1094237070832097,0.048475159771330656,31.285321689471402,-0.0649946247491544
2020-03-17,231.0257110595703,234.10545407376924,216.65057892329938,223.93409020398957,262070500,252.21558532714843,288.9369757080078,0.05399198087617818,0.05087880755739324,35.773123977331295,-0.032516559392585465
2020-03-18,219.32823181152344,226.977299433706,208.380101478062,215.90122818946838,327597100,245.5571487426758,287.4082577514648,-0.05063280270580217,0.0513669712864289,35.98068163122798,0.03433808303177388
2020-03-19,219.79429626464844,226.07257629627384,212.21833983048688,218.6428280834812,289322000,239.89573669433594,285.9054931640625,0.002124963345008446,0.05146017534002822,36.36050280928458,0.09241185998288448
2020-03-20,210.3224334716797,224.72694441324552,210.04665824854578,222.94361386702494,347158800,233.74407501220702,284.18185455322265,-0.04309421560950755,0.051808966922551145,30.449998193063962,0.10760499491754416
2020-03-23,204.9449005126953,211.13139220908926,200.63365540430698,209.76173127825837,326025200,229.1775695800781,282.3104553222656,-0.02556804269625601,0.05171260013166362,30.90391593362844,0.17358136450100137
2020-03-24,223.5135498046875,224.3868403910806,214.91865078430803,215.48857598678674,235494500,225.17115478515626,280.82761047363283,0.09060312916076652,0.05685082504772801,33.47826705275436,0.06004525885256484
2020-03-25,226.8595428466797,235.64750101500516,220.38809059178988,225.09460132261881,299430300,222.78423461914062,279.37074493408204,0.014969978531127026,0.05712358286427213,36.43842408435083,-0.0025929097404420176
2020-03-26,240.10589599609375,241.57665998414785,228.9371031237742,229.36914775984692,257632800,224.1208526611328,278.18794525146484,0.05839010774330289,0.05842986212595753,41.70843684842902,-0.0358729706817289
2020-03-27,232.9541778564453,239.74737193984004,230.77558000293203,232.8162972428731,224341200,222.80398864746093,276.84858337402346,-0.02978568314609309,0.058701035346112936,45.020389870470375,-0.020637674286535845
2020-03-30,240.51951599121094,241.2365231887897,233.05528002333395,235.05003225521446,171369500,224.93682556152345,275.61063201904295,0.032475649092791326,0.0582721763662365,43.29229452877195,0.012268212900503617
2020-03-31,236.93447875976562,242.06383359967347,235.52804049293425,239.5175449357564,194881100,225.52770233154297,274.2821548461914,-0.014905390178717615,0.058076807413014825,45.75859636071624,0.028632438285602246
2020-04-01,226.2713165283203,236.85179642878717,224.20302290730638,227.95353035659332,189554600,226.22201080322264,272.7522955322266,-0.045004687740094584,0.057571041328686685,49.843122893386834,0.11326437392562116
2020-04-02,231.49258422851562,232.27393107275833,224.83727084545978,225.38882134558207,177660400,227.39183959960937,271.32612854003906,0.02307525222509499,0.05775377771181073,44.58647534351747,0.1047135151325238
2020-04-03,228.14654541015625,232.8622586960982,225.4163970895069,230.50898872250409,135561200,229.17425079345702,269.8260943603516,-0.014454194416251176,0.05773803792108709,54.01439543745481,0.11068130070121263
2020-04-06,243.4702606201172,245.43745065637108,228.1281336328922,237.0171961738574,188061200,233.02678680419922,268.6864547729492,0.06716610668994494,0.05747668419994189,55.40925262183265,0.07147168534702186
2020-04-07,243.71849060058594,252.81897536266575,243.49788162912452,252.0651906394755,201427200,235.04728088378906,267.6481024169922,0.0010195494917388803,0.05618416782450607,61.77352384594512,0.04763674190404843
2020-04-08,251.89979553222656,253.71070275736227,243.82885473329833,246.3199918221908,153774500,237.55130615234376,266.71141510009767,0.03356866732384467,0.055622440880275056,64.42344762231714,0.01850155419888111
2020-04-09,255.7329864501953,258.49071084159345,253.22344715493466,255.16303317810022,189999200,239.1140151977539,265.8563250732422,0.015217125960224731,0.05071341790254341,71.4895011417642,0.03033780343665704
2020-04-13,253.39810180664062,255.09870410198187,249.4913256390023,254.75858925351815,114839100,241.15840759277344,264.93516418457034,-0.009130166100060011,0.04733255786065441,73.60924637719519,0.021511922478508305
2020-04-14,260.8714904785156,261.8918348329773,253.26017380887484,258.28842472821,134143400,243.1936050415039,264.27222106933596,0.02949267819526802,0.03960028224348726,70.40979821035275,-0.03787979907435879
2020-04-15,255.3284454345703,261.00934933443597,253.21417383658718,255.15378736181907,121775000,245.0330017089844,263.45473419189454,-0.021248182519974623,0.03871264820900922,65.18881386221926,0.004824718277221862
2020-04-16,256.5603332519531,257.4152211975013,253.49006970924398,256.60628411021946,131798300,248.06190338134766,262.5715939331055,0.004824718277221862,0.03638013207313534,60.069762716372,-7.148830928249694e-05
2020-04-17,263.4913635253906,264.09803815159717,259.5937609848719,262.33311040568213,146684800,251.26178131103515,261.7576205444336,0.02701520607486474,0.03657624728693311,68.73871834183431,-0.01280367288485118
2020-04-20,258.84918212890625,263.6292486240073,258.62857317015494,259.7867982566206,100109300,254.33204498291016,260.83033599853513,-0.01761796415022554,0.035051545903763554,61.666272693210956,0.019390070938708703
2020-04-21,250.98973083496094,255.58593877116283,250.0520864620385,254.3817345361201,126385700,255.08399200439453,259.7783953857422,-0.030363052451258365,0.035330162371010485,58.48411236266768,0.046476464665065276
2020-04-22,256.5603332519531,258.3068866614787,254.5471919266126,255.87090205979615,92951600,256.36817626953126,258.7925372314453,0.02219454317298397,0.030121480773552353,69.48091802928604,0.050554962198623654
2020-04-23,256.5419921875,261.0095219750914,256.23865473330306,257.8381265069545,104709700,256.83239593505857,257.79571228027345,-7.148830928249694e-05,0.030108855652225573,67.26657220196711,0.040848080883444604
2020-04-24,260.1177062988281,260.7887625327662,256.0086966523413,258.0586148072076,85063200,257.2708679199219,256.8309228515625,0.013938124050719702,0.027622003780039137,71.9681827255845,-0.0006356516080120445
2020-04-27,263.8682861328125,264.98976199024764,261.634535810774,262.0941566039355,77896600,258.31788635253906,255.94772338867188,0.014418779433936768,0.026490477141937707,66.66673316046608,-0.012123376614364578
2020-04-28,262.65484619140625,267.86692903854635,262.3514808302591,267.51761283020494,105270000,258.4962219238281,255.03038635253907,-0.0045986577591043964,0.025873026534356136,65.23218092842913,0.0016100296119034851
2020-04-29,269.5307312011719,271.0658765011641,266.9568668064149,267.9864125643177,118745600,259.9164505004883,254.26646850585936,0.02617840527014259,0.02586321013373716,64.48634852209183,-0.030558029833164357
2020-04-30,267.021240234375,269.6318823292637,265.28386059929,268.1518891527446,122901700,260.9625411987305,253.42293395996094,-0.009310593102364484,0.02319560178569832,59.4811594849274,-0.009639244632305033
2020-05-01,259.9523620605469,267.18678958026203,258.78490717517025,262.2688409907654,125180000,260.60864105224607,252.46342712402344,-0.026473093180241047,0.024189085343135252,55.09948713078165,0.03412373083775888
2020-05-04,260.6693115234375,260.9726488665371,256.58787713450204,258.06784244223917,80873200,260.79065399169923,251.5816809082031,0.00275800326339648,0.02372141834302801,49.82421507053951,0.0314912454464098
2020-05-05,263.0777282714844,265.8906050294555,260.7979992424974,263.4913981694902,79569900,261.99945373535155,250.9502508544922,0.009239356692858358,0.019060528211907176,57.12605928249564,0.0016770428642969293
2020-05-06,261.2944030761719,265.1644020355753,260.86235843797067,264.7783363053678,73632600,262.4728607177734,250.46172485351562,-0.0067787007552087,0.01920505414901014,54.30963256747154,-0.009322951917725697
2020-05-07,264.4473571777344,266.3777697134358,263.9417856328459,264.51171080796263,75250400,263.2633972167969,250.0572772216797,0.012066672934603062,0.018007294514581166,50.93456940175744,-0.009420095596158085
2020-05-08,268.8229064941406,269.2917284965723,266.45124842032664,267.58192522789057,76452400,264.1339172363281,249.99604125976563,0.01654601264729383,0.01805872665193478,59.80130420543874,-0.021063962367585343
2020-05-11,268.87811279296875,270.2569749098558,266.4697047839562,266.89254797828886,79514200,264.63489990234376,249.95875549316406,0.00020536307544660737,0.01785763236893478,70.76406711335696,0.008546979444528091
2020-05-12,263.5189208984375,270.4775563533977,263.38101225836226,270.0639145922281,95870800,264.7213073730469,249.57978759765626,-0.0199316777362899,0.01743077845243954,58.11706827380719,0.01848815539755244
2020-05-13,258.8583679199219,263.9969236633219,256.43155730782263,262.95817645676516,144721100,263.65407104492186,249.2693621826172,-0.017685838127395215,0.01721206689480454,52.43797541050479,0.05443884073027139
2020-05-14,261.95623779296875,262.08491700872327,250.94371509495167,256.4224143490226,121977900,263.14757080078124,248.79023498535156,0.011967431835177234,0.017372719322043567,51.95470800890058,0.03477558027452243
2020-05-15,263.1604309082031,263.2063817576998,258.61937607827673,259.56619361268525,111146300,263.4683776855469,248.52527526855468,0.004596924758806686,0.01630905749947185,49.20433347534926,0.031996554427737856
2020-05-18,271.17620849609375,272.78488091937567,269.0619645324173,269.383676574657,119703800,264.5190673828125,248.5120184326172,0.03045966128048616,0.01709016368797263,58.30797354568511,0.013830784989526057
2020-05-19,268.3908996582031,272.28847402813193,268.3725249301823,270.57869857253786,95189300,265.0503845214844,248.86763732910157,-0.01027121388464558,0.015582772792861441,48.792389239298984,0.03959323828521333
2020-05-20,272.9503173828125,273.81440646458674,271.70016265778855,271.9299729869196,85861700,266.2159759521484,249.05508972167968,0.01698797437027788,0.015294357483968355,56.02015103983977,0.020341487892043375
2020-05-21,271.06591796875,273.63060941899073,269.97201842037936,272.82167247031106,78293900,266.87783203125,249.46183319091796,-0.006903818365668446,0.015447100704976839,62.61209686859515,0.03201281021286406
2020-05-22,271.5806579589844,271.75531605411203,269.53994110545716,270.78092249867296,63958200,267.1536071777344,250.3586520385742,0.0018989476585311582,0.015226101107188977,62.4397137853028,0.03422044003054214
2020-05-26,274.9267883300781,277.7856445322527,271.5991379488366,277.546632719336,88951400,267.7584747314453,250.9347314453125,0.01232094507849335,0.015145003079638193,63.22598666058059,0.030091795789473075
2020-05-27,279.0173645019531,279.0541420158943,272.8952128963509,277.7212306525081,104817400,269.3083190917969,252.13125579833985,0.014878783536233176,0.015312585582797012,68.81343808675979,0.028497706566263048
2020-05-28,278.5025329589844,282.0599922398802,277.83147672252164,280.0468515835098,90405200,271.2727355957031,253.08079223632814,-0.0018451595078597949,0.014344825895684166,65.80520910261444,0.02769250526875444
2020-05-29,279.7434997558594,280.3317995595068,275.28517414932355,278.03369646881987,119090800,273.0514617919922,254.28909759521486,0.004455854615361021,0.014115301457814967,63.2117282027123,0.04935606141184845
2020-06-01,280.874267578125,281.48097041759445,278.5853649065574,279.10013797282943,55758300,274.8228454589844,255.51069702148436,0.004042159418368829,0.012368407233105998,64.14483295646404,0.05776412672832887
2020-06-02,283.1998291015625,283.24580799540894,280.4605081581099,281.79339112536235,74267200,276.02520751953125,256.968244934082,0.008279724388745135,0.012401972247286262,74.9941090385951,0.04125586806398185
2020-06-03,286.9687194824219,287.92473821324734,284.9096281111202,285.18538925798526,92567600,277.88298950195315,258.60872131347656,0.013308236776893523,0.01252133140047909,86.52646455610068,0.021846480700419724
2020-06-04,286.2149658203125,287.7225350605196,284.1190967189892,285.98515548879453,75794400,279.20945434570314,259.86274963378906,-0.0026266056574697494,0.012359080380906664,83.5665097518584,-0.0345257099817331
2020-06-05,293.550537109375,295.32466622909004,291.54659764607965,291.61095127500704,150524700,281.4579162597656,261.19656951904295,0.025629586727019094,0.013135863801348837,85.95041859356893,-0.04737883020634859
2020-06-08,297.0987243652344,297.29175713464946,293.8170270201225,294.3593758838199,73641200,284.0097229003906,262.3364260864258,0.012087142782291505,0.012972045982005935,84.28985605533985,-0.0499688197555892
2020-06-09,294.88348388671875,297.17238620785696,293.5689472426089,294.43303648292283,77479200,286.00539245605466,263.57501220703125,-0.007456243655197703,0.013234446283313215,85.5805416908144,-0.024408806527174143
2020-06-10,293.23797607421875,296.3542175612713,292.52096897897934,295.4625523739719,95000800,287.4274536132813,264.6293814086914,-0.005580196594300091,0.012174712194844589,79.56081171216198,-0.02300916803329278
2020-06-11,276.33319091796875,286.941246338049,275.78166842632197,286.3069674196292,209243600,287.2105194091797,265.4173556518555,-0.05764868992265648,0.018036153449794992,55.338216755143115,0.03715772898742187
2020-06-12,279.6424560546875,284.1191577863785,274.4855245724636,283.34699827287557,194678900,287.2004150390625,266.48477844238283,0.0119756339284669,0.018036357904580424,57.73239269241194,0.019027047390226537
2020-06-15,282.2530517578125,283.38372874328377,272.7756754665918,273.95230329940716,135782700,287.3382934570312,267.49998779296874,0.009335476951376931,0.018083562002173884,57.127477962941526,0.016078400080961286
2020-06-16,287.68572998046875,290.1493178185226,282.8229640297754,290.00223585408537,137627500,287.78688354492186,268.690771484375,0.01924754467249401,0.017368902859814937,58.218547480343716,0.001480234300064831
2020-06-17,286.4908142089844,289.000353646456,285.75540416445665,288.7061896286449,83398900,287.7390930175781,269.55118255615236,-0.004153545508028822,0.017173693464387633,57.47732749528954,-0.019995779597860253
2020-06-18,286.6011047363281,287.0791002022098,284.5144366960276,284.97405743157583,80828700,287.7777069091797,270.40883483886716,0.00038497055358743815,0.0168816961970191,56.55778178821321,-0.00987057764356436
2020-06-19,284.9632263183594,290.26288306599963,283.0150766905862,290.06900074453034,135549600,286.9189758300781,271.07010345458986,-0.005714836373277743,0.01684859641689841,53.872624535745764,-0.027831874636887632
2020-06-22,286.7912292480469,287.1882356545676,283.2181152364282,284.3629814046149,74649400,285.8882263183594,271.6912683105469,0.00641487308136135,0.016868377051056444,53.433752270776324,-0.019831179852249137
2020-06-23,288.111572265625,290.3736357062622,287.70532390749855,289.4411072237713,68471200,285.21103515625,272.3855377197266,0.004603847269109229,0.016728417785472394,51.14636029305976,-0.011825007096826101
2020-06-24,280.76220703125,286.68971915216207,278.9248757908203,286.07110475847367,132813500,283.9634582519531,272.7833520507813,-0.025508747103011986,0.017569586040792565,45.16964474953393,0.021144963226150892
2020-06-25,283.7721862792969,284.0399473243526,278.1678289833196,280.1898292059112,89468000,284.7073577880859,273.35222686767577,0.010720742224796131,0.017706899796339253,40.61885346454531,0.01587768629134967
2020-06-26,277.03216552734375,282.8858280526824,276.4505185694108,282.67346196626374,127961000,284.4463287353516,273.7616635131836,-0.023751519979197,0.018528970747656453,31.859546745929762,0.05665707182034385
2020-06-29,281.10382080078125,281.24230815078425,275.99804720322345,278.28780803699664,79773300,284.33140563964844,274.1139126586914,0.014697409832128638,0.018812035562489393,37.94752486664474,0.030611613457949716
2020-06-30,284.70465087890625,286.4035230684894,280.5129498778858,280.66989282570773,113394800,284.0332977294922,274.6310220336914,0.012809609161011482,0.018941105909892685,42.78312093756969,0.025359939681872
2020-07-01,286.69891357421875,287.9638397462947,285.3601650563241,285.8218083059018,72396500,284.0541076660156,275.34520568847654,0.007004671996597267,0.018767335940948753,61.723256269862965,0.012430930699181886
2020-07-02,288.27783203125,291.4816381800891,287.61306444434035,290.13361923832963,69344200,284.22178039550784,275.9795556640625,0.005507235578074532,0.018792716551778943,60.164112024919966,0.017166531446002997
2020-07-06,292.7279968261719,293.30967187564966,291.35230884827496,292.1001687186121,61713800,284.9982574462891,276.7032757568359,0.015437069037065099,0.018205262189383817,61.81758713173651,-0.006970207079546986
2020-07-07,289.7088623046875,293.1619451017001,289.3303114252415,291.1861264698139,82910000,285.29002075195314,277.29509887695315,-0.010313788070217322,0.018112672063948853,52.41390711114736,0.016381023008096296
2020-07-08,291.92474365234375,292.03553353353783,288.71172439183437,290.4751769616239,54638600,285.671337890625,277.8562280273438,0.007648648819468251,0.01814854008066375,56.3293078529215,0.01793286283725659
2020-07-09,290.2628479003906,292.7741885974815,286.84667618527334,292.53412506328704,83354200,286.62140197753905,278.40838806152345,-0.0056928910210238826,0.01815026872216082,54.11632243908263,0.020389360776244425
2020-07-10,293.2265625,293.49432348020605,288.76710100613167,290.1981838415168,57550400,287.56683959960935,278.8823046875,0.010210451048239033,0.012263183533887013,59.020288344878544,0.013004493545679896
2020-07-13,290.6876220703125,297.95388491153363,290.0320963106647,295.57181728865015,102997500,288.93238525390626,279.35563232421873,-0.008658630405243395,0.012339882266544937,54.18830906825647,0.030110594449364703
2020-07-14,294.45458984375,295.2301472460135,288.06543384919064,289.26569521963995,93657000,290.2674621582031,280.0456768798828,0.012958817257538113,0.012478884038219258,56.47752586983866,0.019095756853159784
2020-07-15,297.1597900390625,298.25850331831754,294.77769489481517,297.6768282673625,87196500,291.5129760742187,280.77548645019533,0.009187155808126457,0.011946636662950375,68.50009433975256,0.015566173567872488
2020-07-16,296.1811218261719,296.6335232521369,294.61152330631586,295.2578352089557,54622500,292.46119689941406,281.43755432128904,-0.0032934072700817607,0.011926025241156255,64.67254026309939,0.006764577116560311
2020-07-17,297.0398254394531,297.8246248415815,295.21170746259276,297.18755470615184,62774900,293.3373962402344,282.1524627685547,0.002899251674066017,0.011924323777850089,77.47932169631248,-0.0026111119843926778
2020-07-20,299.4403991699219,300.1882592673395,296.0242265404626,296.77208663788025,56308800,294.0086364746094,282.8523236083984,0.00808165614465084,0.011862060511857692,76.39582870231663,-0.003392252984922739
2020-07-21,300.0774230957031,301.8501178028075,299.08949955212785,301.40695821426857,57292200,295.0454925537109,283.4774139404297,0.002127381367200698,0.011827192682241446,74.19381177110219,-0.011815289775577775
2020-07-22,301.7854309082031,302.0993731333049,299.60648815541464,299.7172780341707,57792900,296.03156127929685,284.13556030273435,0.0056918904290752526,0.01184067882507787,73.95917845106096,-0.005323238518319284
2020-07-23,298.1846618652344,302.12711406913473,296.8182155953633,301.42540716743423,75738000,296.82374267578126,284.8288751220703,-0.011931553594659916,0.01046656795595061,64.78382166893005,0.003096127640041857
2020-07-24,296.26422119140625,297.2890558358542,294.75925946179956,296.328858018481,73766600,297.12750854492185,285.5769921875,-0.006440440838959338,0.010509440731019998,55.708021229159264,0.01757676617992643
2020-07-27,298.42462158203125,298.6000482464152,296.1625587053734,296.9565996351845,48293000,297.9012084960938,286.3063598632813,0.007292140717961582,0.008590771901060357,64.46974302853437,0.017233237118175815
2020-07-28,296.53192138671875,298.8124400440667,296.2364629605237,297.695243153104,57495000,298.10894165039065,286.9737896728516,-0.006342305756404376,0.008468423561111492,57.73171905888619,0.02768022008986959
2020-07-29,300.178955078125,300.74217459378013,297.37215573588736,297.4090950917843,48454200,298.4108581542969,287.5538446044922,0.012298958150444905,0.008437079375987205,65.60159563792386,0.021499727945488267
2020-07-30,299.1078796386719,299.5233698245188,295.1193034662908,297.2059117473767,61861700,298.7035339355469,288.1681842041016,-0.0035681230190649504,0.008483188843740167,59.83941935279648,0.03201026979746402
2020-07-31,301.4715881347656,301.57316433195354,296.67972751036586,300.8991548415424,84986800,299.14671020507814,288.7386096191406,0.007902528341778181,0.008549654377220946,68.14793663380168,0.024653643458940167
2020-08-03,303.56744384765625,304.33375941571626,302.5887621937607,303.13349796893095,53077900,299.5594146728516,289.3886401367188,0.006952083696702305,0.00805855578832787,66.24964628545308,0.02062117773087735
2020-08-04,304.739990234375,304.739990234375,302.70874832852365,302.70874832852365,41917900,300.0256713867187,290.05182678222656,0.0038625564449763505,0.007539008682605186,64.29821390332467,0.00830135433398893
2020-08-05,306.6327209472656,306.89126826301356,305.7740711107244,306.0418321331255,42697700,300.510400390625,290.6859454345703,0.006210969264109245,0.0074946517121661374,69.05725891714428,0.016048980561899517
2020-08-06,308.6824035644531,308.8024353334043,305.7279032834886,306.0510592360944,43679400,301.5601745605469,291.2792462158203,0.006684487587807153,0.0072918991997847505,70.3452306799662,0.007477480015877669
2020-08-07,308.9039611816406,309.19017773336356,306.8080828607746,307.71291374534616,57308300,302.8241485595703,291.88727478027346,0.0007177526630255393,0.007111867727081905,67.90067584573077,0.006785010914167167
2020-08-10,309.8273620605469,310.0120025169385,307.41756883105035,309.35647677026515,44282100,303.96442260742185,292.4889520263672,0.0029892814432486148,0.00659692180380208,68.24470794624685,0.006972719714298803
2020-08-11,307.2697448730469,311.6461421704279,306.54036880387395,311.0090722127674,69601100,305.0382049560547,293.0168615722656,-0.008254975191636538,0.006652839281716261,59.94633594495449,0.01754819307322797
2020-08-12,311.5538635253906,312.3294209653016,309.67959266815404,309.70729014184826,53774400,306.1756958007812,293.58394226074216,0.013942533307709226,0.006993699197481529,73.65990127350695,-0.000622294237132226
2020-08-13,310.9905700683594,312.30164925667594,310.06728359605586,310.78744591739394,41816100,307.36396484375,294.06437927246094,-0.0018080130692564866,0.006937818745027454,77.37675007573876,0.004305071596311105
2020-08-14,310.9998779296875,311.5353999760587,309.87346706744495,310.6028714247222,47260400,308.31679382324216,294.5600775146484,2.9929722068722242e-05,0.006958012816596425,75.41007261676896,0.00783762365511631
2020-08-17,311.9877014160156,312.3847077937163,311.0090201155859,312.0153988801235,35481000,309.1588195800781,294.92882080078124,0.0031762825532408723,0.006829569266236443,82.41598297961676,0.014826552082989997
2020-08-18,312.6617736816406,313.0864776091208,310.7874749185557,312.38477080822076,38733900,309.9509979248047,295.2400817871094,0.00216057319748697,0.0068295862709775446,79.91072930240449,0.016182540659371636
2020-08-19,311.3599853515625,313.5573840389721,310.7967658103232,313.0403457388199,68054200,310.42372436523436,295.5696118164062,-0.004163567278306468,0.006910208470592611,79.03686120670078,0.030661757873743367
2020-08-20,312.32940673828125,312.8095056526026,309.5041518442734,309.6333973234677,42207800,310.7884246826172,295.9514404296875,0.0031135066557257396,0.0061369174635476625,77.55341640400536,0.02970889381996611
2020-08-21,313.4373779296875,313.6589577204171,311.65541319099066,311.99705293699736,55106600,311.24176635742185,296.6935241699219,0.0035474443568315195,0.005781053625703945,76.36857862193118,0.03269684411486007
2020-08-24,316.6134033203125,316.68725383901455,313.40959819669,315.87475725095965,48588700,311.9203704833984,297.43294311523437,0.010132886548513298,0.00592926764170647,78.65370282539467,0.0186342120918519
2020-08-25,317.721435546875,317.8045279741512,316.0133494044836,317.1766997393025,38463400,312.9655395507813,298.14231079101563,0.003499637775731035,0.005508388324429153,77.8134142476818,0.024642074187001928
2020-08-26,320.9068298339844,321.1745627439463,317.767660055857,318.31239593759705,50790200,313.9008361816406,298.8067327880859,0.010025745608339465,0.005337452070194074,79.0093219160622,0.02914514085193498
2020-08-27,321.6083679199219,323.0579344592056,319.94646352268916,321.77458090081905,58034100,314.9626159667969,299.5090838623047,0.0021861114215002697,0.005094009938873903,79.47684891466896,-0.00843994043533669
2020-08-28,323.685791015625,323.8150646592131,321.4422114288014,322.6332589850596,48588900,316.2312072753906,300.25077758789064,0.006459480855984356,0.005040475972644914,80.52002865749323,-0.022847798753523274
2020-08-31,322.51324462890625,324.3505759728523,322.28242297558756,323.473470596124,66099200,317.2837615966797,301.00177795410156,-0.003622483344232319,0.005218853681115429,85.75138174535803,-0.046090910828554654
2020-09-01,325.5507507324219,325.6522986993843,322.4484941534743,323.3440829797506,54908700,318.5726593017578,301.77696838378904,0.00941823678283571,0.0054090771083226295,84.86644854072529,-0.03632975481847123
2020-09-02,330.25970458984375,331.22914447381027,326.3172518616977,327.46214667089407,69540000,320.46263122558594,302.61993103027345,0.014464576864982481,0.005930759060602261,89.78299303526221,-0.06656443616908225
2020-09-03,318.8940124511719,329.0409244463154,316.3087927397801,328.5700392045548,148011100,321.119091796875,303.3825671386719,-0.0344144077546098,0.010337778657307622,61.095312238621595,-0.0328039022657407
2020-09-04,316.290283203125,321.14675134230083,309.18096542994215,319.5771810982591,139156300,321.4043823242188,304.0329290771484,-0.0081648734262314,0.010569506082820907,55.7845804151332,-0.011997645742073626
2020-09-08,307.6483154296875,316.35492934972956,307.34364325395643,310.87981848066687,114465300,320.50787353515625,304.6452520751953,-0.027322899982632487,0.012331311726168987,44.448979784921235,0.02088796570188345
2020-09-09,313.72357177734375,316.1887312996784,310.78749888094603,311.65539056693245,91462300,320.10808715820315,305.2976470947266,0.01974740651243634,0.012952215435507628,52.366830995126385,-0.002854545882557069
2020-09-10,308.2761535644531,316.25333454581227,307.3159276821659,315.59780899777945,90569500,318.84501953125,305.7690771484375,-0.01736375173223126,0.01321022477508968,46.27523081919289,0.005840365970001038
2020-09-11,308.43304443359375,311.1198111682426,305.60779037787313,310.05803747140686,84680200,317.52748718261716,306.203759765625,0.000508929631197752,0.013207800879326518,45.31941104877252,-0.006245538865473299
2020-09-14,312.49554443359375,314.26826693128163,308.58081864580447,311.5999553914097,65605700,316.40846252441406,306.68811401367185,0.013171416206264164,0.013549078768745816,46.211362263108356,-0.030080702322513586
2020-09-15,314.074462890625,315.7825208192452,312.5048641612994,314.95156838815086,52920900,315.56458435058596,307.11504333496094,0.005052611101681759,0.013576307406440082,46.67342537197932,-0.025128279473185522
2020-09-16,312.8280334472656,316.74276037655795,312.55103050748136,315.3116771386732,82096000,314.2923126220703,307.5774267578125,-0.003968579399571959,0.013604141130441918,42.360731958727186,-0.04394234996876811
2020-09-17,310.07659912109375,311.79392701921023,307.4452264147787,307.97150659133644,91523300,312.2740020751953,307.9404638671875,-0.008795357295354744,0.01371975056835199,39.50257717782222,-0.03288775553388135
2020-09-18,306.5067138671875,310.99330512694877,304.02240791405023,310.8820717692347,105877900,311.0352722167969,308.2653411865234,-0.011512914112271067,0.01392679451798238,34.77548516775191,-0.005806675924956095
2020-09-21,303.095458984375,303.2437795741085,298.2380798999571,301.9182014330189,99450800,309.7157897949219,308.46271911621096,-0.011129462189499173,0.014068980412115687,33.44825971593569,0.022081626028309875
2020-09-22,306.18231201171875,306.7385071760695,302.066507400489,304.5786503731086,63612100,309.569189453125,308.7726129150391,0.010184425189632584,0.014071243512056155,33.504200461918245,0.006267129752649758
2020-09-23,299.0816345214844,307.01660211722344,298.58105607201094,306.7384904056228,93112200,308.10499572753906,308.86515380859373,-0.023191011406180184,0.014810514038628172,24.485574817103526,0.03796840241841393
2020-09-24,299.8788757324219,302.9379070439711,296.44902874373327,297.7653565033435,76681300,307.26526794433596,308.91953552246093,0.0026656307807499946,0.014561433578597046,31.18447959936755,0.04185456550806688
2020-09-25,304.7269287109375,305.51484110446944,298.1546270152853,299.02596442851154,71069400,306.8946563720703,309.09045166015625,0.01616670386226704,0.01516094759463211,39.044620903890774,0.01554466309047342
2020-09-28,309.7882995605469,310.5020659374077,307.8972472441894,308.8891253586317,64584600,306.6239318847656,309.3454211425781,0.01660952929568804,0.01564180291731167,52.17503776376478,0.016667285644582197
2020-09-29,308.1011962890625,310.3259488282698,307.40595935248126,309.5843740782885,51304000,306.0266052246094,309.5186370849609,-0.0054459877079852115,0.015656606552333537,43.725871881564146,0.007702266077382225
2020-09-30,310.4372863769531,313.58902226860357,308.5740418789443,308.76870034777096,104081100,305.78753051757815,309.72583435058596,0.007582216869092884,0.015590351146248694,52.59161560239253,0.017527706563902345
2020-10-01,312.43017578125,314.0060289873834,310.5484025217798,313.03270872151455,88698700,306.02288818359375,309.93872924804685,0.00641961997399032,0.015235943915926654,54.59116357523131,0.019997632283463407
2020-10-02,309.46380615234375,312.40235285633963,307.0073084094654,307.48007849386664,89431100,306.3185974121094,310.16431213378905,-0.009494504240791346,0.013412220650737687,46.42774952247256,0.03897072237984078
2020-10-05,314.9516296386719,315.1370091924181,311.475444751699,311.5217825678193,45713100,307.50421447753905,310.5380603027344,0.017733328994301134,0.01396495212793189,50.946375667316175,0.03729113444476373
2020-10-06,310.4742736816406,317.1856469045774,309.9644445702148,315.0906571878008,90128900,307.93341064453125,310.77905334472655,-0.014216011398854755,0.01288709140622559,47.62603311635786,0.04538256339606117
2020-10-07,315.8785400390625,316.68501022213155,313.403484518265,313.43129285943087,56999600,309.61310119628905,311.1659857177734,0.017406486834923296,0.012712876928637106,55.554516758970244,0.021041169357690404
2020-10-08,318.67803955078125,318.7429351145588,316.8982207211978,317.81595262377294,45242500,311.493017578125,311.53596740722656,0.008862582153800425,0.012120872910243366,61.8267306709178,0.010820936328877817
2020-10-09,321.5238342285156,321.9873254041977,319.7069567408336,320.32801907426403,59528600,313.17270812988284,311.9842864990234,0.008929999323912918,0.012222048173863142,68.10559309766258,0.0012687347666642257
2020-10-12,326.696533203125,328.17043242336644,323.57260577192744,324.0639055120079,80388500,314.8635314941406,312.4887854003906,0.016088073181327545,0.012376877280987561,69.36135551666572,-0.029566401051004054
2020-10-13,324.56439208984375,326.73352777746965,323.6003223544785,326.55739883670304,73255500,316.5098510742188,312.9087243652344,-0.006526365897968067,0.012511296024872269,76.53973018448983,-0.019278393534904348
2020-10-14,322.5249938964844,326.2329236603553,321.7926981363864,325.1390911694356,57727900,317.7186218261719,313.26442443847657,-0.006283493331563084,0.012577211535860711,72.99058401885675,-0.014945452518848712
2020-10-15,322.1264343261719,322.6084550653457,318.07552513157503,318.6131625602973,60357700,318.68824768066406,313.57429870605466,-0.0012357478578557402,0.012359992639044023,69.41850112836678,-0.008316660254490627
2020-10-16,321.9317626953125,325.13911424772533,321.7556337558863,323.4798076396234,89501900,319.93504333496094,313.8392858886719,-0.0006043329888979487,0.011967664422698839,65.20416421171362,-0.004348159930837481
2020-10-19,317.03729248046875,323.82278285072874,316.1381183278607,323.1924415429291,68425600,320.14360961914065,314.00195251464845,-0.01520343992734896,0.012243810584494608,60.35660171552504,-0.0076606474856569795
2020-10-20,318.30731201171875,321.55175133899183,317.6213538922318,318.38145817763655,60051900,320.9269134521484,314.1715515136719,0.004005899499435861,0.012112240203381013,59.352164468411495,-0.015027093196030683
2020-10-21,317.7047119140625,320.43004263717467,317.39879185718223,318.26087876428136,63575000,321.1095306396484,314.3802508544922,-0.0018931393496673943,0.010624542380584573,56.482056544163314,-0.046888117705235155
2020-10-22,319.4474182128906,320.0314217004003,315.77657552045014,317.91790278181213,55399300,321.18646850585935,314.5381219482422,0.005485302022525618,0.010637477577873285,62.649651107307996,-0.04245373819709153
2020-10-23,320.5319519042969,320.726610274408,318.07545436489823,320.6709935972334,49143900,321.0872802734375,314.72894958496096,0.0033950303855123654,0.01019340190639579,57.95853774882399,-0.05564194729011407
2020-10-26,314.60858154296875,317.93644508302657,311.11383966511926,317.14850435705404,91473000,319.87848510742185,314.8011236572266,-0.018479812468420342,0.01066075220658801,55.66270156756427,-0.027078034209407686
2020-10-27,313.5240783691406,315.28533977636755,313.3108621718636,314.9516395955158,65994100,318.7744537353516,314.83185119628905,-0.0034471506419477826,0.010608095700835072,46.342295974823564,-0.006475069929528843
2020-10-28,302.8081359863281,313.55186080057024,302.31683634561693,307.85092353477626,127094300,316.8027679443359,314.6347784423828,-0.034179009275949856,0.013056512008434275,30.212786035160192,0.05167460710429728
2020-10-29,305.88568115234375,309.05594531130174,301.35272336162404,303.0398382217238,90597700,315.17869262695314,314.5252923583984,0.010163350320793851,0.01319700562582197,30.613776702680084,0.06139767672440377
2020-10-30,302.6969299316406,305.61691969344054,299.0446159372506,304.30987072993145,120287300,313.2552093505859,314.3326428222656,-0.010424650178754158,0.013230207710127872,18.70913166755132,0.07233404776982
2020-11-02,306.089599609375,308.0918566976093,303.34571133877967,306.089599609375,86068300,312.1604400634766,314.18568725585936,0.011208140361716135,0.012817392820190813,26.678978559739647,0.07377339295214402
2020-11-03,311.4939880371094,313.5518907130495,306.1731165199986,309.3248519661346,93294200,311.47910766601564,314.0832989501953,0.01765623018433593,0.013111207236874641,37.16570704646228,0.053596367603324646
2020-11-04,318.45562744140625,322.5343454427772,314.79403465889675,315.9712924400372,126959700,311.55419921875,314.0979827880859,0.022349193472933182,0.013492720710523216,46.29494441723574,0.03821946470555204
2020-11-05,324.6663513183594,326.4739785623512,323.3871109043666,323.7393687910326,82039700,312.0760925292969,314.1731732177734,0.0195026350353813,0.014038791049607287,52.461204720529516,0.008480103757359858
2020-11-06,324.59222412109375,325.8436562639265,322.26548878904805,324.3790079432216,74973000,312.48211975097655,314.23285034179685,-0.00022831807781931168,0.01391621475400255,57.44570016529959,0.022675310575036134
2020-11-09,328.6708679199219,337.77384161254093,328.20737673340466,337.39377544488605,172304200,313.8883483886719,314.3325518798828,0.01256543902082674,0.013730490396884237,59.67794244298417,0.022591787638997607
2020-11-10,328.1889343261719,329.24567980133196,324.91668681292754,327.67907691220296,85552000,315.354833984375,314.4460656738281,-0.0014663106493132405,0.013642652723638234,59.81274082198667,0.01858538538110377
2020-11-11,330.6268310546875,331.45183069524353,329.1343746531919,330.3765276970206,58649000,318.13670349121094,314.54758728027343,0.007428333114037011,0.013620699846669882,60.32899207407679,-0.0010935039569945904
2020-11-12,327.4195556640625,330.67327403455096,325.611956349888,329.61650016441143,67546200,320.2900909423828,314.4907843017578,-0.009700590180155455,0.013834457373976792,56.123467254306235,0.012938251546013468
2020-11-13,331.95245361328125,332.6940283304285,328.80996922022456,329.3290771800801,62892200,323.21564331054685,314.751953125,0.013844310368161361,0.01412559102949373,65.81058148657146,-0.007735383525759532
2020-11-16,336.09613037109375,336.2907888205987,333.33371169129214,334.62223124630657,74541100,326.21629638671874,315.1480700683594,0.0124827417683131,0.0137405595632677,69.48954247436012,-0.014093908054681248
2020-11-17,334.2884521484375,335.49354647121936,332.1749330059845,333.68591913167813,66111000,328.49574279785156,315.68087280273437,-0.005378455921704162,0.013864553624978734,82.12287162585083,0.007209627491928883
2020-11-18,330.2652893066406,335.10413858036725,330.22820208953993,334.55722235747817,70591300,329.676708984375,316.0117071533203,-0.012035003949255274,0.014216392859052159,74.40622798425774,0.017907190754355096
2020-11-19,331.6557922363281,332.02657957234703,328.29084129066734,329.63497720915376,59940900,330.3756530761719,316.4792999267578,0.004210260583565217,0.01420296829582825,80.07324642134566,0.016462733548791464
2020-11-20,329.3846740722656,331.60017579109797,329.3105279207122,331.3962385127505,70417300,330.8548980712891,316.89833251953127,-0.006847816975390497,0.014333081394983956,74.76846879528495,0.01894003090998231
2020-11-23,331.3592224121094,332.61993357318823,328.958340654461,331.1923723183577,63230600,331.1237335205078,317.2756060791016,0.005994657600282061,0.013565177328853244,72.78341364798383,0.023946537380483024
2020-11-24,336.69854736328125,337.24546358278957,333.05551333256483,333.9083212958037,62415900,331.9746948242188,317.7280877685547,0.016113403792731518,0.013802857475464283,71.73146777491152,0.009828841601393856
2020-11-25,336.1794128417969,336.64290400355594,335.0855804894668,336.6150956654206,45330900,332.5299530029297,318.1951153564453,-0.0015418377226447122,0.010666417541624172,65.8661133195277,0.011112455629017859
2020-11-27,337.1157531738281,337.5884950330975,336.1053173094643,337.2733243638305,28514100,333.49957275390625,318.7358984375,0.0027852399530243765,0.010616645003640708,66.85801703831692,0.016993540732726187
2020-11-30,335.62322998046875,336.60582901594785,332.9442656786078,336.3369962113714,83872700,333.866650390625,319.31822875976565,-0.004427331500553744,0.010238203141105674,60.058972250897874,0.019416965471513947
2020-12-01,339.29412841796875,340.83292278060395,338.28372087591083,338.87700326166663,74231400,334.1864501953125,320.0422021484375,0.010937557682505039,0.010230057254734836,64.71004363352368,0.011338200520057962
2020-12-02,340.0079040527344,340.16547522877676,337.6070228786699,338.18174747696014,45927000,334.7583953857422,320.7187139892578,0.0021037075946281902,0.009817124330207634,63.021000561675436,0.00016353451399497843
2020-12-03,339.9151916503906,341.30566530410596,338.81208028863574,339.90591277346965,62882000,335.7233856201172,321.53538513183594,-0.00027267719732004814,0.008905292930488046,68.9855416524859,0.00010926223214036135
2020-12-04,342.84454345703125,342.84454345703125,340.4065745278507,340.49927845197374,50749900,336.8422607421875,322.39469848632814,0.008617890222610392,0.008165032712909158,67.39686525754684,-0.009598525234704725
2020-12-07,342.1400146484375,342.6313143095269,340.8700529748252,342.07511907507774,48944300,338.1177947998047,323.1429602050781,-0.0020549512075931364,0.008210300341063499,60.844704851604426,-0.012002682307155177
2020-12-08,343.14111328125,343.7065590089636,340.8236571068303,340.8699949146147,42458900,339.2959838867188,323.81001647949216,0.0029259910853782767,0.007874781643116861,66.35805880429021,-0.0015668734249444372
2020-12-09,340.0635070800781,343.95681627791015,339.2292285583469,343.79924510819586,74098300,339.6324798583984,324.4492626953125,-0.008968922935939094,0.00822867049533716,68.76085386461857,0.009050092518298802
2020-12-10,339.95233154296875,340.99979809475724,337.82025463669373,338.6916205245105,57735400,340.0097717285156,325.0395635986328,-0.00032692580884075007,0.008132183393438502,66.70390100336093,0.015024474041070546
2020-12-11,339.5537414550781,339.9616160939201,336.7357345003271,338.2559713720657,57698600,340.2535705566406,325.58203491210935,-0.0011724881723313985,0.00773195875857106,72.14362990194124,0.012158633575329203
2020-12-14,338.0334167480469,342.79809173388674,337.85728782298236,341.7228170082681,69216200,340.4945892333984,326.15342712402344,-0.004477419982228059,0.007309868948761964,64.82667635677309,0.013075489503667992
2020-12-15,342.60345458984375,342.60345458984375,339.2014446984404,340.5733606765333,63865300,340.8255218505859,326.7064636230469,0.013519485398105324,0.007399210643967216,63.581931563888965,-0.0021227585260853443
2020-12-16,343.14111328125,344.058816873757,341.9360190969958,342.81666375897925,58420500,341.1388427734375,327.35980041503905,0.0015693323701302386,0.0072462305949416534,65.99903776154721,-0.002790987729686001
2020-12-17,345.0599365234375,345.26387379305515,343.9568251499501,344.78185310544035,64119500,341.6533172607422,327.94342834472656,0.005591936284868204,0.006575723662958362,67.46810894962522,-0.004478406328723872
2020-12-18,343.6822509765625,345.5161923260127,341.6714298718465,345.34863100308337,136542300,341.7370880126953,328.4435125732422,-0.00399259780997907,0.0066993102642609655,67.81056771951785,0.008098897332393218
2020-12-21,342.453369140625,352.3212752668946,337.0260363965949,339.7629846416698,96386700,341.76842346191404,328.8621032714844,-0.0035756336920096388,0.0065143032812876875,57.826779892701396,0.009786292613686909
2020-12-22,341.8761901855469,342.8909048278069,340.74976800980517,342.7791972943252,47949000,341.6419311523438,329.1656964111328,-0.001685423497296945,0.006490731247702367,54.66007770348447,0.01293405217842758
2020-12-23,342.18341064453125,344.0918139440392,341.8575780688017,342.84436581711367,46201400,341.8539215087891,329.51807678222656,0.0008986307552381056,0.005516655130356353,55.597731534829066,0.017166836147620934
2020-12-24,343.5146179199219,343.542544801245,342.0716817018129,342.6581462095984,26457900,342.21015014648435,329.9378692626953,0.0038903325935151223,0.005527825965133254,51.79528941959095,-0.0005691930207536444
2020-12-28,346.4656982421875,346.85667458893,345.4416652223988,346.06537505500916,39000400,342.90134582519534,330.4246545410156,0.008590843499281853,0.005768490309255746,60.34428402118132,-0.0022571150431939246
2020-12-29,345.8047180175781,348.1692982115266,345.2182250819667,347.9924184877755,53680500,343.67847595214846,330.90211364746096,-0.0019077796964112048,0.005661402583902846,56.47497652031865,0.005626436228265863
2020-12-30,346.29803466796875,347.33138589790764,345.90705840463,346.6238671606465,49455300,344.0479339599609,331.4873284912109,0.0014265758235418868,0.005209271275089989,67.33338424075819,0.019113559346231046
2020-12-31,348.0576171875,348.7837445893019,345.59064770765076,346.10265005654054,78520700,344.5395843505859,332.08233459472655,0.005081121875896155,0.005283436788943142,70.64244854815644,0.019738711066717984
2021-01-04,343.319091796875,349.5191144538357,339.6232833911593,349.3887700821715,110210800,344.36549987792966,332.5946221923828,-0.01361419821498211,0.006233782153895597,57.85347745665034,0.026844730788239568
2021-01-05,345.6836853027344,346.7728905061342,342.6302231348059,342.67678687742756,66426200,344.5656433105469,333.11934753417967,0.006887451243924314,0.006126510716487627,65.4135042474385,0.02003581945771482
2021-01-06,347.7503662109375,350.9434912559952,343.62633562425066,344.17558324644114,107997700,345.0953430175781,333.6637158203125,0.005978531808330079,0.006217668424081895,61.53322227784115,0.016704659658498322
2021-01-07,352.9170227050781,353.6617584095082,349.9473414971712,350.1242211986964,68766800,346.1994262695313,334.4298846435547,0.014857371828062016,0.0069575341838883096,68.14223043804773,-0.0016881139809855616
2021-01-08,354.9278259277344,355.1419225171707,351.0551379514854,354.3040877879952,71677200,347.47386779785154,335.2579595947266,0.005697665721090983,0.006565868522074717,68.25062114570763,-0.014583060159798489
2021-01-11,352.535400390625,354.2948508857765,351.6323932699845,351.7534192361298,51034700,348.3759460449219,336.2525048828125,-0.006740597277364424,0.006844531595913936,65.7815026210024,-0.00010578364733704326
2021-01-12,352.6097412109375,353.62445551717207,350.36618762363594,352.7214771172684,52547700,348.9903503417969,337.1869860839844,0.00021087476670467176,0.006819417789423326,68.88181081651503,0.013517719266116668
2021-01-13,353.5594177246094,354.5554954734266,351.7534035637951,352.53538468344925,45303600,349.7658203125,338.20423583984376,0.0026932792906131375,0.006652358122001256,71.42367888544669,0.011716780595635745
2021-01-14,352.3212585449219,354.8068647184422,351.9861359560516,354.30415242528704,49989100,350.36814270019534,339.12886901855467,-0.003501983309215362,0.006211462447997619,67.97616432159117,0.01167896059052409
2021-01-15,349.75189208984375,351.5020240301078,347.8900242126763,350.7014344796534,107160000,350.5375701904297,339.8940270996094,-0.0072926807360121915,0.006509044567637569,60.594568536075855,0.02313023584136009
2021-01-19,352.49810791015625,353.0380654699637,350.72933922047633,352.20952068020125,51233300,351.4554718017578,340.5748767089844,0.007851896965884286,0.006612218441182126,60.3183999198206,0.013574724487557255
2021-01-20,357.376220703125,358.21405551285824,354.397220924243,354.78819724418975,61836100,352.6247253417969,341.2290740966797,0.01383869213338329,0.00707697682333989,67.29751404831399,-0.0246944964964787
2021-01-21,357.7019958496094,358.3629793057075,356.7803804745633,357.9347293006691,47840100,353.61988830566406,341.89126953125,0.0009115747708210442,0.006961793766107935,67.13288444627432,-0.017202365052184643
2021-01-22,356.4360046386719,357.5996721065897,355.4678253506062,355.8495116892653,52860500,353.97178649902344,342.446572265625,-0.0035392344063681636,0.007028321362583593,62.77687027341478,-0.03345695242898039
2021-01-25,357.84173583984375,358.1954668974896,352.3212755983803,357.17146221981005,70402000,354.2631774902344,343.0396282958984,0.003943852985887064,0.007033659902447854,74.652650424901,-0.021228648928282468
2021-01-26,357.2831726074219,359.2008944003585,357.0504391042999,358.79128116207573,42665300,354.7379547119141,343.5727551269531,-0.0015609225433442786,0.007072799571788224,70.97670383427558,-0.005836793735273793
2021-01-27,348.5509948730469,354.05281810421934,346.3167590029396,353.95971902424606,123351100,354.332080078125,343.9953839111328,-0.02444049539374693,0.009034881572299402,51.16662116095593,0.019871260053239137
2021-01-28,351.5486755371094,355.55168110843044,349.9288591707381,350.3663709576421,94198100,354.131005859375,344.3873083496094,0.008600407711228497,0.009201353748758164,47.87160314735771,0.02266747121219259
2021-01-29,344.5107421875,350.65491209093165,342.83504399028214,349.6867328043069,126765100,353.34995422363284,344.5556005859375,-0.02001979765350148,0.010314711440932493,35.988053104247186,0.047666704934250514
2021-02-01,350.2452392578125,351.27856215518443,344.7992707610039,347.90858629226074,75817600,353.3992889404297,344.874736328125,0.016645336031906766,0.010932430007386577,47.173633028766844,0.037955670012188136
2021-02-02,355.1977844238281,356.75245638940856,350.32901877184787,353.4290158638977,64450700,353.66925659179685,345.3733862304687,0.014140221224734795,0.010824846649977439,52.850743469056134,0.022801807799747165
2021-02-03,355.4771423339844,357.19937586145977,354.2017673399159,356.026389967423,52427100,353.47934875488284,345.84981323242187,0.0007864855086565647,0.010758451164701274,52.144045463044215,0.0215529767283138
2021-02-04,359.51739501953125,359.563930354463,355.5888524983493,356.5104680448607,47142600,353.660888671875,346.4524676513672,0.011365717241394124,0.01094356656993283,57.5710231924653,0.011704092111600506
2021-02-05,360.93243408203125,361.6399530541466,359.47088920889945,361.3886110871411,48669800,354.11053161621095,347.04393188476564,0.003935940463807297,0.010517852901337346,62.05582553664225,0.012715698627398853
2021-02-08,363.5390319824219,363.5855673167599,361.52821120762786,362.38465454642807,38365200,354.6802612304688,347.58074157714844,0.007221844462440785,0.010557783438776346,61.941232037273096,0.00458369300614736
2021-02-09,363.29693603515625,363.89274733764177,362.2915399745202,362.7011247326708,35551100,355.28163757324216,348.12309204101564,-0.0006659421024076684,0.010401959647058754,57.117230146152494,0.005483802194696796
2021-02-10,363.13873291015625,365.18679913439,360.7369356197839,365.0378462808228,59154400,356.74041137695315,348.6435516357422,-0.0004354650681245298,0.01040736211199609,56.56188097113083,0.0016407646480935956
2021-02-11,363.7252197265625,364.6375452854998,361.2954955929545,364.21861361632875,42913300,357.95806579589845,349.2055914306641,0.0016150489145188018,0.010403778023507166,58.94444515178591,-0.0017405643707606444
2021-02-12,365.5219421386719,365.7639656617887,362.8501376743546,362.92462830443,50593300,360.05918579101564,349.73014770507814,0.004939779577176617,0.010362606130788583,59.33465132064554,-0.01428813192954781
2021-02-16,365.20538330078125,366.94625368053585,364.4885743748941,366.7507370926893,50972400,361.5552001953125,350.2340972900391,-0.0008660460601583875,0.010160476662885345,59.68576620139767,-0.012235513347065519
2021-02-17,365.2891845703125,365.54052650809217,362.44050055956217,363.4552435609881,52290600,362.56434020996096,350.7415771484375,0.00022946340159024636,0.010080490271263946,75.95247446046399,-0.0015802274324474563
2021-02-18,363.73455810546875,364.47929399166895,360.9603643711448,362.68259806906747,59712800,363.39008178710935,351.15937744140626,-0.004255878713388284,0.009752872791003564,69.77924706437133,-0.02147337319510756
2021-02-19,363.0921325683594,365.27983282306974,362.64527408765895,364.9912455990278,83241000,363.7475555419922,351.5784197998047,-0.0017661932934156521,0.009771466893921174,88.06225237265907,-0.024792812589013336
2021-02-22,360.29931640625,362.7104315988189,360.02933764280306,360.3272432845483,67414200,363.6842437744141,351.9215838623047,-0.007691756200703614,0.009911493236066448,73.41694055566296,0.006588861799746049
2021-02-23,360.7369079589844,362.0867735591579,353.941101443955,358.0930589330605,107284100,363.40403137207034,352.3350518798828,0.0012145222952379964,0.009881572704923125,66.33711489787615,-0.0024774489542729317
2021-02-24,364.7119445800781,365.1401946066292,358.6608745485557,359.64766215783163,72433900,363.5455322265625,352.830244140625,0.011019212432640035,0.010143769880007052,72.3621863370194,-0.02641847073868442
2021-02-25,355.9239501953125,364.81438610383606,354.4810139951626,363.4459121163381,146670500,362.8240539550781,353.1576483154297,-0.024095713111024986,0.010098309221146037,42.92517448232104,-0.01472539114574778
2021-02-26,354.0900573730469,358.949534192139,352.1071917346127,357.8045035066823,152701600,361.86053771972655,353.47878112792966,-0.005152485021756137,0.010028400701149954,36.7472080066107,0.008596959550275063
2021-03-01,362.67327880859375,363.92075545040086,354.2855822417415,358.9588609981536,105348800,361.57567138671874,353.8801776123047,0.024240221539189255,0.010165786237479038,48.63838777894355,-0.020175734289189284
2021-03-02,359.84320068359375,363.1293962418053,359.34048841861335,362.89666276485025,79595300,361.039453125,354.21421936035154,-0.007803381970397649,0.009855883309599543,44.9770360020807,0.0016300095442911555
2021-03-03,355.0768127441406,360.11314003050495,354.9743952442966,359.1449892511198,119940200,360.0182159423828,354.4145568847656,-0.013245735727112296,0.009894837177611412,39.6609283259246,0.02139386688121192
2021-03-04,350.6828308105469,357.47863729094,346.19572234702065,354.8906420427798,183433000,358.7130432128906,354.5545684814453,-0.012374736327150582,0.010272290117126394,34.761832432320645,0.04467724144832874
2021-03-05,357.1341552734375,358.18611506318695,346.90320141461257,354.1830824863514,152039600,358.11724548339845,354.8481842041016,0.018396465113445837,0.010810561437938605,41.16139804081853,0.027187698567460172
2021-03-08,355.3560791015625,360.9044370293171,355.07681030362994,358.09302696069,123149200,357.6229217529297,355.1177819824219,-0.004978734589285105,0.010811494024925065,39.931454199225826,0.038483866967448765
2021-03-09,360.42974853515625,362.9804987402697,358.698196429531,359.2009087711451,113633600,357.5922058105469,355.4827087402344,0.014277705467770074,0.011192779257125165,45.49226828638594,0.022573862276833223
2021-03-10,362.67327880859375,364.3675856171588,361.3606867838893,362.77569632837776,109899400,357.3883392333984,355.86588195800783,0.0062245979488528835,0.01128882718301729,49.027954959900626,0.019713350922133
2021-03-11,366.3503723144531,368.32394739867954,364.683992879817,365.14016975445605,86245000,358.4309814453125,356.2635754394531,0.010138859741580353,0.011513994100487061,52.827121042491285,-0.00520909996852037
2021-03-12,366.84381103515625,366.9834454384432,364.181353712992,364.9912616619042,64653600,359.70635681152345,356.6843572998047,0.0013469038330322647,0.011512787417809341,55.914556787467596,-0.008385425254256451
2021-03-15,369.03155517578125,369.2922155627964,364.95405965687513,367.0951965209388,73427200,360.34218444824216,357.13902770996094,0.005963693743262777,0.011535870540227184,57.26638538504766,-0.006392844578912427
2021-03-16,368.5660400390625,370.35341719951157,367.7933490003447,369.64592676134737,73722500,361.21446838378904,357.5491961669922,-0.0012614507626509397,0.011538747412447157,53.59752377013176,-0.012968184936009819
2021-03-17,369.8227844238281,370.6233738852898,366.1362659817345,367.2813248264547,97959300,362.68906555175784,358.07927001953124,0.0034098214383300185,0.011556415243657674,65.09604134003771,-0.021322864583990908
2021-03-18,364.4420166015625,369.32010118927036,363.76242462104625,367.23481832610025,115349100,364.0649841308594,358.4544366455078,-0.014549584419598971,0.012008219484760024,60.43932100235799,-0.0012864640501837332
2021-03-19,363.7676696777344,365.71969051583625,361.59147356195604,364.141257136667,113624500,364.72833557128905,358.77478271484375,-0.0018503544956656182,0.01200894680444451,51.313078941452076,0.016689095472720128
2021-03-22,366.6723937988281,368.0546989422797,364.2253628242193,364.28139952570655,73778600,365.85996704101564,359.0498901367188,0.007985107977482198,0.011980974596100997,58.17919453324142,0.00812567763570593
2021-03-23,363.7864074707031,367.4849724644324,363.00186510857276,366.0373101003052,90686600,366.1956329345703,359.2270617675781,-0.007870748867198296,0.012141389530880346,60.92332894454821,0.013427564979577644
2021-03-24,361.9371032714844,366.821844910974,361.8904155198871,365.18737456445785,97588600,366.12201538085935,359.4150958251953,-0.005083488995854424,0.011938702509954836,65.07715605212204,0.022734150340367965
2021-03-25,363.9731750488281,364.76703777153006,358.556056717537,360.4987572580339,116128600,365.88429565429686,359.6423645019531,0.005625485088265547,0.010597092168360989,60.3914320451601,0.02799573695027946
2021-03-26,369.838623046875,370.2402289227248,364.5242571453707,365.12199148337254,114409100,366.18377685546875,359.96794860839844,0.016115055724257754,0.010988877599158708,69.5739759385992,0.026213165713772746
2021-03-29,369.65185546875,370.55782027785045,366.8779243318469,368.3629541421015,108107600,366.2458068847656,360.314560546875,-0.0005049974948163616,0.009698151786257034,64.36130474537543,0.02612544201350775
2021-03-30,368.6711730957031,369.3436420929392,367.0740414129529,368.38164060411987,76262200,366.2563201904297,360.6929461669922,-0.0026529891803283023,0.00951886668110161,59.72275127459022,0.030045733591256063
2021-03-31,370.1654357910156,371.7251997987825,369.21278347970974,369.2408018270159,112734200,366.29058532714845,361.0462927246094,0.004053104241281691,0.008897499292677904,56.655309362322846,0.030757204226592894
2021-04-01,374.1628723144531,374.2189375105821,371.893300729822,372.0987781059756,99682900,367.2626708984375,361.38202575683596,0.01079905398216141,0.008405822652378332,61.3770850154031,0.027158609033561154
2021-04-05,379.53326416015625,380.0749901846481,376.75001345829463,376.82471954638225,91684800,368.8392303466797,361.8186511230469,0.014353085896747553,0.008064806042055676,64.85455383675013,0.012993398649432164
2021-04-06,379.3091735839844,380.35522998954474,378.63670467999566,378.9729533834397,62021000,370.1029083251953,362.27611450195315,-0.0005904372484129006,0.007891945115881548,65.30054668559363,0.01659591528113258
2021-04-07,379.7481689453125,380.0937381170486,378.6834430784203,379.1410856568923,55836300,371.69908447265624,362.7142431640625,0.001157354980846348,0.007464840310289955,64.4730155367923,0.011952983335674627
2021-04-08,381.5506896972656,381.60672639186373,380.06566028462163,380.9996431984528,57863100,373.6604431152344,363.19959350585935,0.004746621312116783,0.007434745809002978,77.85428170825139,0.01799194139035931
2021-04-09,384.3246154785156,384.49275406318844,381.30786894490393,381.429291282708,61104600,375.6955871582031,363.9150659179688,0.007270136986126108,0.007307550448737097,81.32667620342691,0.014022576161811129
2021-04-12,384.4646911621094,384.7355256503982,383.11975365796326,383.72683677373504,56704900,377.15819396972654,364.57338623046877,0.00036447231832736904,0.007318459024196423,79.60846928431988,0.008672868270464429
2021-04-13,385.6041564941406,386.22993756231864,383.97903541086856,384.36197181036624,56551000,378.7534240722656,365.39525451660154,0.002963771077617139,0.007271605346237494,88.54802462159608,-0.0016711676179695933
2021-04-14,384.28729248046875,386.6315702804382,383.7455664130594,385.5761649966313,61659900,380.3150360107422,366.0760955810547,-0.003415066957899615,0.007341544498224505,90.24595848413344,0.01122858477456834
2021-04-15,388.41552734375,388.6863904096903,386.3794511307246,386.4261388821726,60229800,382.1400451660156,366.7404504394531,0.010742574485444578,0.007588490678207901,90.92940184480159,-0.008656620258336245
2021-04-16,389.7138366699219,390.32092004547286,388.2848435231427,389.70448771705173,82037300,383.6951416015625,367.42518432617186,0.003342578333699997,0.006443051711453497,89.29146722428084,-0.0012465796193511514
2021-04-19,387.7991027832031,389.22809574117946,386.4728627845068,388.77980210912494,78498500,384.5217254638672,367.99081848144533,-0.004913179124149236,0.006608134311524181,83.5811522818732,0.005780096181744687
2021-04-20,384.9597473144531,387.6869614412357,383.4840383597904,386.58486845168517,81851800,385.08678283691404,368.47136474609374,-0.007321717477869805,0.006907364022062937,78.20174659937271,0.012980047106627035
2021-04-21,388.602294921875,388.80777231208793,384.2032146818028,384.34333492736897,66793000,385.9721954345703,368.97263000488283,0.009462151907655203,0.006624673456663075,79.7110429815942,0.0031964736149372452
2021-04-22,385.05316162109375,389.26543407718646,383.9884358212958,388.43420402767475,97582800,386.32244262695315,369.4077545166016,-0.009133073445937279,0.00694916168760256,67.8070181566685,0.018895460578238543
2021-04-23,389.22802734375,390.6383506535276,385.5388119647193,385.6135180559668,73209200,386.8127838134766,369.9295404052734,0.010842309942554085,0.007143228619972068,66.49716563532766,0.0013438685097579839
2021-04-26,390.0406188964844,390.61036333622997,389.293443913069,389.88185775138544,52182400,387.37037658691406,370.4558483886719,0.002087700513963009,0.006485822601724637,67.9026789259859,0.0014129732049923405
2021-04-27,389.95654296875,390.53563632822335,388.81708265316865,390.3394793906885,51303100,387.805615234375,370.9445404052734,-0.00021555685141783076,0.0064786544494692365,67.23415217212101,-0.004550443195919018
2021-04-28,389.8444519042969,391.3481791760754,389.3774604601128,390.2273883088753,51238900,388.3613311767578,371.43732177734375,-0.00028744501528243926,0.0063969168515524664,64.84939153392898,-0.003952976975946432
2021-04-29,392.32891845703125,392.94535069156444,388.94790436999523,392.5717631714263,78544300,388.75267028808594,371.9781164550781,0.006372968861294126,0.006441418414767634,64.48123515491888,-0.002356984385454841
2021-04-30,389.7510986328125,390.9092569470682,388.8544829241141,390.0593289877053,85527000,388.756396484375,372.498447265625,-0.006570557771670038,0.006495537469117287,58.78883755478279,0.011550528197301402
2021-05-03,390.59173583984375,392.1234532710356,390.09672594707484,391.74051678751226,68128300,389.03565979003906,373.0484393310547,0.0021568565424960884,0.005818173596745182,58.375243801572424,-0.0006217716977461318
2021-05-04,388.18206787109375,389.0973816088314,384.49285157188143,388.6023716850221,101591200,389.35789184570314,373.60609436035156,-0.006169275352354231,0.006050404007122877,56.30865051903113,-0.003392780631999326
2021-05-05,388.30340576171875,390.05929824240366,387.7430102993665,389.82580250833166,60162200,389.3280029296875,374.15742431640626,0.00031257984504651226,0.006053475626132294,49.79129790661689,-0.024870625622940623
2021-05-06,391.4042053222656,391.53494810160834,386.37002400822354,388.3780814635263,74321400,389.9631072998047,374.69126953125,0.007985506988959168,0.0061968909870129445,52.948578996791106,-0.020975034721753882
2021-05-07,394.2529296875,394.90672923888695,391.4883477759264,392.17016567934985,67733800,390.46559753417966,375.4578491210938,0.007278216039832364,0.006197301310348358,60.90242929214297,-0.013124357529445296
2021-05-10,390.348876953125,394.8319841776763,390.2274545965479,394.60783736731895,81852400,390.4964233398438,376.18302551269534,-0.009902406400554842,0.006684449163560222,58.78772919675265,-0.005790343048742597
2021-05-11,386.86505126953125,387.85507086903533,382.9890279126543,385.82834392591514,116888000,390.18727416992186,376.66686096191404,-0.008924902540483282,0.007001229642095041,47.15244137908956,-0.005480092206278653
2021-05-12,378.64605712890625,385.35204832878026,377.3291376588085,384.0818451111226,134811000,389.0674346923828,377.0429180908203,-0.021245119231250387,0.00846595367750536,40.89225910565862,0.013443106953115569
2021-05-13,383.1944885253906,385.1278398956935,380.1496952660477,380.19641151101195,106394000,388.15399169921875,377.6052716064453,0.012012356423233284,0.0085605539986547,41.51341708296812,0.012186898643947286
2021-05-14,389.07861328125,389.9285412046908,385.9030768823611,385.93109523135814,82201600,388.0867431640625,378.37318725585936,0.0153554524714139,0.009248592413100968,48.81581962502019,-0.003936756509833272
2021-05-17,388.088623046875,388.90121223521504,386.0712162573868,387.9672291939465,65129200,387.8364318847656,378.9922766113281,-0.002544447832858343,0.009197942187283986,47.7508469967443,0.00878422456814909
2021-05-18,384.7449951171875,388.5930008749449,384.5862054511297,388.3501561514101,59810200,387.492724609375,379.58005493164063,-0.008615629861645435,0.009257086198643313,44.30311043167749,0.015293332669169102
2021-05-19,383.7362365722656,383.9136956201269,378.57131179137997,380.0563698240923,106467100,387.0360076904297,380.04618469238284,-0.0026218886735995817,0.008998629779990022,40.07333110049534,0.019982394205181997
2021-05-20,387.86444091796875,389.1253236094422,384.49277612741383,384.61416996928796,78022200,386.68203125,380.5500079345703,0.010757921593692599,0.009103476722340995,47.8958195487084,0.009656209484181222
2021-05-21,387.5469055175781,390.59169919664373,387.0892629717918,389.3494858539395,76578700,386.0114288330078,380.9739385986328,-0.0008186762355402166,0.008766900254585168,46.56402323321305,0.012290992687140845
2021-05-24,391.4976806640625,392.5717554519268,389.54563104164197,389.7884757512618,51376700,386.1263092041016,381.4670159912109,0.010194314779027991,0.009059764669338197,53.61578182970289,0.0011929598531281727
2021-05-25,390.6290283203125,392.9359673967326,390.0499634392748,392.5810493076067,57451400,386.50270690917966,381.8989654541016,-0.0022187930775900977,0.00907595674176207,52.495490787059055,0.004997057842841102
2021-05-26,391.4042053222656,391.9085355463097,390.1806900517041,391.21739734846744,43088600,387.7785217285156,382.3557287597656,0.001984432660538271,0.009084731363016978,50.0,-0.0007159156660390131
2021-05-27,391.6097412109375,392.9453300641983,391.3295292083679,392.43165081383626,56707700,388.6200469970703,382.7914678955078,0.000525124374948005,0.00897030283437868,46.825203657327855,0.007894239740005471
2021-05-28,392.31024169921875,393.44035318988387,392.07674594064906,393.1788390804018,58520200,388.9432098388672,383.3488323974609,0.0017887718679192588,0.008844526823352458,52.55225632643465,0.005118542488025568
2021-06-01,391.9647216796875,394.813358890226,391.5257484584241,394.6732671181002,54216600,389.33081970214846,383.9127734375,-0.0008807315812981997,0.008838207344678167,57.22623040425653,0.00621898333060833
2021-06-02,392.5810241699219,393.4216315915621,391.60970246523397,392.6183914671472,49097100,390.1144226074219,384.4309460449219,0.0015723417342083934,0.008712627197362873,75.16869304095044,0.003140290863834494
2021-06-03,391.1239929199219,392.263453151856,388.79838471410426,390.26474464836855,58138800,390.8531982421875,384.9776977539062,-0.0037114153774517877,0.008765907051317823,66.12229499815095,0.011557735895341814
2021-06-04,394.7012023925781,395.0000837788047,391.1894173616605,392.9733282256469,55938800,391.53687438964846,385.63297973632814,0.009145972984041961,0.008822428437084966,62.61528917640904,0.004046369567441088
2021-06-07,394.31829833984375,394.86934490806766,393.38431530836596,394.69188585185486,51555000,392.214013671875,386.23988220214846,-0.0009701111889532932,0.008678370054249894,64.3688339039553,0.007271561026674256
2021-06-08,394.40234375,395.2709411073429,392.57174503386995,395.17753710589864,47134300,392.5044799804688,386.7311566162109,0.00021314103481917535,0.008356991482184536,76.21693183060879,0.005209932453177801
2021-06-09,393.8138427734375,395.31756990620283,393.5896960218772,395.2428353204207,48436300,392.8229614257813,387.2143963623047,-0.0014921335683936165,0.00807394267558068,77.99662571745895,0.0010910929310505857
2021-06-10,395.6445007324219,396.59718157596666,393.72049815041606,395.0374175201594,51020100,393.2469909667969,387.75386291503906,0.004648536339129095,0.0061882226461937775,74.77671152197703,-0.00387127010657351
2021-06-11,396.2983093261719,396.410382721431,394.90668383020704,396.1955848814836,45570800,393.7158477783203,388.2765203857422,0.0016525153074027354,0.005742616281991294,77.28568492525044,-0.018930681986458753
2021-06-14,397.18560791015625,397.2883323557152,395.1682012696967,396.4103860815458,42358500,394.20338439941406,388.7369750976562,0.0022389663622159883,0.004766913828298981,71.92192969249878,-0.007109116895933298
2021-06-15,396.4571533203125,397.37243850900103,395.5792069332303,397.3350997073947,51508500,394.6526275634766,389.07545288085936,-0.0018340407490508026,0.004741358158423413,72.70766450262776,3.340746609148404e-05
2021-06-16,394.2435302734375,396.8213323424478,392.19813383077667,396.59718555484613,80386100,394.8188781738281,389.37414001464845,-0.00558351142951008,0.004454914925546107,59.947609832244545,0.0044362488361717745
2021-06-17,394.11285400390625,395.0935248680887,391.6378044633818,393.832670472112,90949700,395.1177642822266,389.6614337158203,-0.00033146078374601817,0.004379497717535975,58.81592976663399,0.010713326090710407
2021-06-18,388.7961120605469,391.5228695274807,388.589962401601,390.82947003654994,118676300,394.5272552490234,389.80634216308596,-0.013490404815131196,0.004954856255327842,40.66025691978516,0.02817401881041315
2021-06-21,394.3619689941406,394.54938811340384,389.74237652534435,390.5575953614681,72822000,394.5316223144531,390.00708923339846,0.014315618806206132,0.005872734325677604,54.9873843993209,0.015706305915757612
2021-06-22,396.47039794921875,397.30437604962555,393.63117206610633,394.352710107166,57700300,394.738427734375,390.2472033691406,0.005346430743450981,0.00556014781141812,57.618682681122074,0.010848288832842057
2021-06-23,395.99249267578125,397.35118140093033,395.908162638729,396.5453419827774,49445400,394.9562927246094,390.45497009277346,-0.0012053996361632846,0.005537237573556763,59.91704866304376,0.01292012365710482
2021-06-24,398.3351135253906,398.75676373658587,397.88532470396706,398.1383434268328,45110300,395.22535400390626,390.73592651367187,0.005915821367672658,0.005653912078409341,57.79423777805705,0.012538225011099247
2021-06-25,399.75006103515625,400.1998499000936,398.75680231338544,399.08477157347613,58129500,395.5705291748047,390.9626171875,0.0035521536056484226,0.005683976155116417,61.15646429063922,0.01666622134039142
2021-06-28,400.5559387207031,400.7245988255164,399.07543014042216,400.27483854601434,53159600,395.9075622558594,391.1794592285156,0.0020159538774304764,0.005685768434116427,62.27507874298557,0.012772394202789972
2021-06-29,400.77142333984375,401.5772628150839,400.2373044711945,400.9400834258965,35970500,396.3389892578125,391.43890563964845,0.0005379638605005344,0.005669160977965628,64.08851591852877,0.01580531869156765
2021-06-30,401.1087646484375,401.78343362434913,400.28416605608436,400.3122760719077,64827900,397.0255126953125,391.76188598632814,0.0008417299461684902,0.005668493135296397,61.77690489313814,0.006681156937115462
2021-07-01,403.32952880859375,403.4888379572731,401.80215127327483,401.8677508401516,53441000,397.9471801757812,392.0564306640625,0.005536563535585515,0.005633269150499312,64.19529458444697,0.011825471300519697
2021-07-02,406.4123840332031,406.7684632777236,403.4138490651717,404.4914663355306,57697700,399.70880737304685,392.4836151123047,0.007643514804670737,0.005535854958825833,67.11097176270576,0.007746828359848079
2021-07-06,405.6719970703125,406.68401447986884,402.9358611623959,406.4684853695036,68710400,400.8398101806641,392.81249450683595,-0.001821762800491178,0.005558901532368633,67.08128363058736,0.006144333960728332
2021-07-07,407.1057434082031,407.38687211913964,404.34149695894274,406.35612403799763,63549500,401.9033447265625,393.1537969970703,0.0035342502027373435,0.00557007369049035,74.55217385732244,0.00409713883188223
2021-07-08,403.78863525390625,404.54763413664995,400.60268153812575,401.78335917623605,97595200,402.682958984375,393.4304388427734,-0.008148025931854375,0.005950455764061097,66.46657512106248,0.008888060217002947
2021-07-09,408.0990905761719,408.39894982783824,403.59193664787284,405.2973539710542,76238600,403.65935668945315,393.79553161621095,0.01067502882926652,0.006274407185927788,84.0155224188816,-0.00959799039692455
2021-07-12,409.560791015625,409.8138097220538,407.58365342944904,408.01468314938586,52889600,404.6404296875,394.1401690673828,0.0035817292250992505,0.006290557833278329,81.31243972150234,-0.027706369544833298
2021-07-13,408.1645812988281,410.2729178438437,407.9022116726275,408.7736505814926,52911300,405.4012939453125,394.5084387207031,-0.0034090414595951968,0.006389484070239139,74.8206117401989,-0.010399681130178529
2021-07-14,408.7737121582031,410.34795874869207,407.52746339505444,409.8606803722424,64130400,406.20152282714844,394.8720782470703,0.0014923657938097357,0.0063444531361802415,76.97754142141044,-0.0038741451187734866
2021-07-15,407.3775329589844,408.10842192602513,405.4753457373174,407.43375298751454,55126400,406.8283996582031,395.2559875488281,-0.0034155307880424646,0.006233712396436225,69.88027632256956,0.0016330127013015616
2021-07-16,404.1821594238281,408.60498202795424,403.7886192907794,408.5581415441631,75874700,406.9136627197266,395.5735626220703,-0.007843764755377292,0.0065768081816651456,59.03675781556256,0.01993787337454833
2021-07-19,398.2133483886719,404.24788006963104,395.4022322116841,399.3565367778263,147987000,406.09375915527346,395.7097454833984,-0.014767626170499315,0.006732171947345021,46.05432512007369,0.03776711086315032
2021-07-20,403.9197998046875,405.19418699140346,398.08203985333273,398.8785282705121,99608200,405.9185394287109,395.9030828857422,0.014330135941213795,0.006733658962191214,54.4751115676381,0.018443227998577116
2021-07-21,407.1900634765625,407.33064212666307,403.87296781863677,405.11921642523396,64724400,405.9269714355469,396.23990661621093,0.008096319302634658,0.0068494387192001155,57.978731071374234,0.009849503897381595
2021-07-22,408.04278564453125,408.2864248103382,406.3842377598322,407.3681167667281,47878500,406.3523864746094,396.66346130371096,0.0020941625163646282,0.0068241590222963945,56.414096360123665,0.011918557124636076
2021-07-23,412.2406921386719,412.5780122497424,409.2890267822298,409.97304653950414,63766600,406.76654663085935,397.3353540039063,0.010287907645541994,0.007038961668377181,57.69790726170514,-0.0032502232145665833
2021-07-26,413.2527160644531,413.26209560038063,411.6035477215418,411.6503882088871,43719200,407.1357391357422,397.9365185546875,0.0024549345687612245,0.007028368161896937,59.94112284403237,-0.007777445054874099
2021-07-27,411.369384765625,412.2408239272899,408.5395094805176,412.2127139090476,67397100,407.4562194824219,398.382333984375,-0.004557335561551135,0.007164492437802473,55.52604869976023,0.004874347836666404
2021-07-28,411.20068359375,412.57813163816985,409.7763950523972,411.99717221467273,52472400,407.69891662597655,398.8445751953125,-0.00041009656557478014,0.0071733288487556965,60.460348715616405,0.0003416894360670497
2021-07-29,412.90606689453125,413.9836556005954,412.1189578762892,412.12833741336397,47435300,408.25177001953125,399.40779663085937,0.004147326035250698,0.00720000944406096,57.32230799482699,0.0025189750915477482
2021-07-30,410.90081787109375,412.35321630587856,410.20738984106623,410.33858897512397,68951200,408.9236358642578,399.95108825683593,-0.004856429062713885,0.0072661930254025635,52.00796785056439,0.00907608346099087
2021-08-02,410.0386657714844,413.1683708687938,409.6825865730587,412.6155215961337,58783300,410.1061676025391,400.39457275390623,-0.0020982000086450237,0.007119292778807172,52.853905682158285,0.01037514698224129
2021-08-03,413.3745422363281,413.49636182074306,408.6425090931806,410.83517582420905,58053900,411.0516418457031,400.91112548828124,0.008135516826363931,0.007296669657117676,56.46903137883567,0.0034683953446532634
2021-08-04,411.3411865234375,413.346434118997,411.10692688961086,412.09080591322396,46732200,411.4667541503906,401.30799560546876,-0.004918918571739539,0.00738438250137113,55.47502240492765,0.01093440765027931
2021-08-05,413.9461669921875,414.0304970317783,412.18452990878626,412.5031195904007,38969700,412.0570922851563,401.77433837890624,0.006332894818451562,0.007194815189852019,63.710717643559995,0.007583129930077703
2021-08-06,414.63018798828125,415.0518667835452,413.983629086822,414.2647578157139,46930000,412.29604187011716,402.2388580322266,0.0016524394972998735,0.006848432069321094,77.07046562768907,0.007751754264973654
2021-08-09,414.2928771972656,414.920677039973,413.5244986888596,414.60208735027624,41222600,412.4000579833984,402.6925207519531,-0.0008135220270675259,0.006825507305810485,70.78499979820685,0.010946886936211486
2021-08-10,414.80828857421875,415.52044714337615,414.0586690459545,414.74268900155386,43339300,412.7439483642578,403.1424816894531,0.0012440749173385779,0.006760777826937757,67.15938179648555,0.0030720758115652114
2021-08-11,415.8389587402344,415.93266831269824,414.75199061117655,415.87644828844924,44034300,413.20777587890626,403.6199664306641,0.002484690384462196,0.00676953539733438,67.42054665050074,-0.010365464031050209
2021-08-12,417.0851745605469,417.2257532062454,414.78944749477773,415.68899640806853,38909400,413.6256866455078,404.11004943847655,0.0029968712505625827,0.006706998207339761,62.469913968088385,-0.01179479371074088
2021-08-13,417.84429931640625,417.8630297953268,417.0478107219428,417.5350605392358,39470300,414.3200347900391,404.64445556640624,0.0018200712999669744,0.006360347245120426,61.974846431430976,-0.0057409763216588194
2021-08-16,418.8280944824219,418.95926500085824,414.98623095911614,416.54171828206023,73740000,415.1989776611328,405.12699340820313,0.00235445396197842,0.005046124002578954,70.40994079282498,0.0006489286520214854
2021-08-17,416.0826110839844,416.9446705471954,413.0934557834653,416.27000163869883,92673900,415.46978454589845,405.5622796630859,-0.0065551557658286574,0.0046206706532005435,61.70780510582115,0.00885068755434415
2021-08-18,411.5285949707031,416.6354666486862,411.2849843863083,415.07059964436183,89351900,415.488525390625,405.9048046875,-0.010944980616750755,0.005123184001034049,47.09365442194392,0.022154889640458197
2021-08-19,412.1657409667969,413.36517769933806,408.6612261268582,408.80177618265736,92812200,415.31048278808595,406.2718426513672,0.0015482423430117631,0.005115931103356983,52.832396011999535,0.014550216658014925
2021-08-20,415.4454650878906,415.7734343527384,412.02527954568274,412.51255797213713,72008700,415.3920104980469,406.66786193847656,0.007957294348144073,0.004903756984593956,60.924093060423175,0.015540371240895912
2021-08-23,419.0998840332031,420.0088125987634,415.5203897980154,417.1320972978909,54973000,415.8727111816406,407.1238934326172,0.008796386655801847,0.005237376047699546,61.42068199748707,0.011112086049254177
2021-08-24,419.7652282714844,420.299347194437,419.2498684240996,419.7652282714844,38744700,416.3684051513672,407.57548583984374,0.0015875552908255486,0.005089919319197539,67.77399311033128,0.00801389064685254
2021-08-25,420.6459655761719,421.1613253238744,419.57772793688787,419.952566221922,40529700,416.84910583496094,408.05926208496095,0.002098166416294678,0.005083646709958077,65.24523454046735,0.006437953972826094
2021-08-26,418.162841796875,420.5991192042751,418.0691322205563,420.3648595615522,57829600,416.9568725585938,408.5376483154297,-0.005903120396972494,0.005265110606870646,57.43011997771439,0.015529003762855487
2021-08-27,421.9016418457031,422.2764515773078,418.9124863376052,418.9687063675384,77235100,417.36260681152345,409.09342407226563,0.008941014540560843,0.005408184706181297,64.00007636691157,0.0062853380280600835
2021-08-30,423.7569580078125,424.5440669661629,422.33264109600447,422.5762802722132,48357400,417.8554931640625,409.79264099121093,0.00439750875107503,0.00538610743808185,65.6917580676924,-0.0017026908608214208
2021-08-31,423.1291809082031,424.0006200110499,422.5294910274589,423.6632998149096,59300200,418.5601501464844,410.3679852294922,-0.00148145555546908,0.00520382488056041,62.9668389889941,-0.001439586033909479
2021-09-01,423.35406494140625,424.5815833267058,423.11980527098797,424.0662234902461,48721400,419.74269714355466,410.9056585693359,0.0005314784310561649,0.005006614030181824,61.57061987777058,-0.006241860675672228
2021-09-02,424.656494140625,425.4623335511139,423.45708596482183,424.77831372503533,42501000,420.9917724609375,411.4789385986328,0.0030764537465797215,0.004891155232495463,62.32619677120813,-0.017100936936046085
2021-09-03,424.5534362792969,425.068824666954,423.11976836523195,423.52271669627993,47170500,421.90256958007814,412.00330505371096,-0.00024268523559656252,0.004902097251798933,60.700670075220906,-0.01434648812045225
2021-09-07,423.0354309082031,424.30043871518234,422.3607619842241,424.20672913760086,51671500,422.29612426757814,412.46901245117186,-0.0035755342940979595,0.004999585005105295,63.61974471422628,-0.01614764076677111
2021-09-08,422.5200500488281,423.2322084875442,420.599103890751,422.5013195727054,56181900,422.5716064453125,412.9082946777344,-0.0012182924212010837,0.0050249787400333526,75.57800635743078,-0.006719687930859752
2021-09-09,420.7115478515625,424.0755125696742,420.467908695529,422.3232551840981,57970400,422.5781646728516,413.3070971679688,-0.0042802754497842654,0.005141401297193728,68.85867025123882,-0.004031299860814075
2021-09-10,417.39447021484375,423.06354222411983,417.27265062322766,422.64189201792766,89948200,422.50132751464844,413.6328112792969,-0.00788444637105401,0.0054408898259401504,54.29393611370711,-0.005895000885416279
2021-09-13,418.46258544921875,420.65528041406935,416.14809951622476,420.3929108125865,83738600,422.157421875,413.9354724121094,0.0025590066725733607,0.005456021997864749,48.415354285896406,-0.024966267221365634
2021-09-14,416.20440673828125,420.11184130334044,415.31420871709963,419.9056916877061,78197100,421.40216674804685,414.1313128662109,-0.005396369447254967,0.005560832615034894,41.79586590560405,-0.02060186010074949
2021-09-15,419.68084716796875,420.17747647552517,415.52039355154807,416.62609222178327,78792200,421.0573333740234,414.41148986816404,0.008352723741999135,0.0056761210390831604,48.01392170235641,-0.01924004054071149
2021-09-16,419.0155334472656,420.1305829932493,416.063839190952,419.15608350800755,77786700,420.62348022460935,414.6496856689453,-0.0015852849258971569,0.005037445982927043,51.89661702875777,-0.00574779824564664
2021-09-17,414.9339294433594,418.6658919018536,414.5767094129711,418.2428908298914,118425000,419.65122375488284,414.8725915527344,-0.009740937216161538,0.005567257095870947,34.73471385360922,0.005686366877492022
2021-09-20,408.01513671875,410.38402816124625,403.1457057219849,408.80476719958205,166445500,417.9973937988281,414.87091247558595,-0.016674444372122177,0.006450176242039717,21.774241207152045,0.019814223655630903
2021-09-21,407.62982177734375,411.65319451439296,407.103401321114,410.3559338587685,92526100,416.4568328857422,414.8322930908203,-0.0009443643304631877,0.006035320694321246,21.965226664782534,0.00020745344051542602
2021-09-22,411.6061706542969,413.64607141513255,407.7426174898221,409.9046994331068,102350100,415.3654449462891,414.9011248779297,0.009754803658906797,0.006504015400683585,31.28992152513227,-0.007787797170285882
2021-09-23,416.60711669921875,418.2146065121486,413.24178453544346,413.4767946462248,76396000,414.9550018310547,415.05779296875,0.012149832537671434,0.007112708326656276,38.531388867148436,-0.03168008923931653
2021-09-24,417.29339599609375,418.0078359804858,414.7552750846295,414.97149473457984,62094800,414.9448944091797,415.2561102294922,0.0016473057453083584,0.007008106649998203,39.82512161677819,-0.021783737888395938
2021-09-27,416.0996398925781,417.4250720683466,415.4039902490517,416.2594307505286,61371100,414.70859985351564,415.4944598388672,-0.002860711707804775,0.006698510271733031,40.19039792268062,-0.0316285157494236
2021-09-28,407.7143859863281,413.65544911085703,406.98115550934745,413.32642918282806,130436300,413.85959777832034,415.6844805908203,-0.020152033557190197,0.007868084195122884,32.872506877093485,-0.0014292680717830075
2021-09-29,408.4006652832031,410.8353670849182,407.8366351647438,409.09628617290355,82329200,412.73157958984376,415.77409790039064,0.0016832354227942492,0.00790862573331458,35.37889545879264,0.001035683016136213
2021-09-30,403.4089660644531,410.58145048611453,403.0705365902038,409.8764201598323,140506000,411.1709228515625,415.69847595214844,-0.012222554082492842,0.008223750039235199,34.02544762712135,0.022183985738607026
2021-10-01,408.20318603515625,409.8858665977476,401.61352150069314,405.1386734490561,129240100,410.4978485107422,415.7016839599609,0.011884267267220805,0.00875018427307834,39.20072933143334,0.008336496959255868
2021-10-04,402.93902587890625,407.9400201839394,400.79570572105376,407.0375892196289,128570000,409.9902374267578,415.5156506347656,-0.012895931086134738,0.009072696043394933,36.867626106197356,0.014114281464332246
2021-10-05,407.13165283203125,409.3783352973428,403.6441096969299,404.44312138082006,90682500,409.94042053222654,415.3932293701172,0.010405115126239872,0.00951876829638716,37.750333340879926,0.0012004446479958464
2021-10-06,408.8236389160156,409.0304489893108,401.90495407806975,403.5312059070278,113032200,409.66216735839845,415.342314453125,0.004155869660869671,0.009613545133939557,40.24685416306486,0.000644056847497021
2021-10-07,412.3581848144531,415.1970969045478,411.92577420062315,412.1043841974191,72437500,409.2372741699219,415.36546447753904,0.00864564952214919,0.009855478432110275,47.50905748982692,0.008753749309972969
2021-10-08,411.6061706542969,413.51448064643256,410.976359506261,413.1290605510576,74557400,408.6685516357422,415.3394665527344,-0.0018236916056234564,0.009723522985591697,53.943120624889,0.018293590270287874
2021-10-11,408.626220703125,413.8622533457,408.5604109808945,410.9481219621356,65233300,407.92120971679685,415.293974609375,-0.007239808738617515,0.009799733525390422,51.035110701364374,0.028756079972134252
2021-10-12,407.6203918457031,409.951702812476,406.8307612007708,409.5474922480039,71181200,407.91181030273435,415.24560913085935,-0.0024614887798710683,0.009754557819698879,45.58700300313288,0.03925078451931796
2021-10-13,409.0869445800781,409.9047754782807,405.6652110181618,408.64512426075663,72974000,407.9804382324219,415.15985717773435,0.0035978394695477256,0.009570925496365202,40.96679333095303,0.03959235688936347
2021-10-14,415.9678649902344,416.11827489242256,412.28289410601354,412.7529142924432,70236800,409.236328125,415.2523907470703,0.016820190674184055,0.010385559546752375,48.61403521087661,0.02506222288576998
2021-10-15,419.13592529296875,419.5025549212031,417.46265406245044,418.0830843417794,66260200,410.32960205078126,415.35618591308594,0.007616117900859365,0.0102809973315744,53.048840654232244,0.016260157274014198
2021-10-18,420.376708984375,420.71510979062344,416.6917376412568,417.34977745930763,62213200,412.0733703613281,415.4711163330078,0.002960337247490674,0.009453386861537655,64.84458796616633,0.01869457674623365
2021-10-19,423.61981201171875,423.6855930358415,421.3918922060494,422.00294140527114,46996800,413.72218627929686,415.65765502929685,0.007714754309721572,0.009531774390979861,66.832936728942,0.011805485616706468
2021-10-20,425.2836608886719,425.5844806876447,423.9676101278594,424.0804103805355,49571600,415.3681884765625,415.8671624755859,0.003927693723888126,0.009368927351730998,76.11679266154526,0.003382177925105312
2021-10-21,426.3929443359375,426.6185448638883,424.24965325713134,424.682063831623,41305400,416.77166442871095,416.0782421875,0.0026083377972896393,0.009044934018847286,73.81253345904614,0.01042789444407699
2021-10-22,425.9511413574219,427.40822132656245,424.0052506620859,425.96055094238534,58845100,418.20616149902344,416.2555615234375,-0.0010361404530361273,0.009057851523789347,84.47889413092324,0.013528503929087332
2021-10-25,428.2354736328125,428.5644935725112,425.26497065295007,427.04163242690424,45214500,420.1670867919922,416.4633850097656,0.005362897416147039,0.00905685518046779,83.5375080020951,0.009856104649091257
2021-10-26,428.620849609375,430.99915087837957,428.2448391545924,429.78651931328756,56075100,422.2671325683594,416.6592401123047,0.0008999160515434923,0.007500323354538564,82.8242246993164,0.013027652166087256
2021-10-27,426.7220458984375,429.74897787469854,426.64682658288626,429.0815570599391,72438000,424.0306427001953,416.87202880859377,-0.004430031139801005,0.007659531981984921,75.181501554199,0.02374748512961755
2021-10-28,430.8393249511719,430.9145155608973,428.14141358107645,428.1507944774444,51437900,425.5177886962891,417.2582434082031,0.009648620436438105,0.007023211123463238,80.15931656390751,0.018742514295663204
2021-10-29,431.713623046875,432.0050333226642,428.2448711186631,428.5362813944523,70162400,426.7755584716797,417.6492010498047,0.0020292903759475678,0.006730170529121344,88.76291195277915,0.020206777813028154
2021-11-01,432.4562072753906,433.0766374014713,430.72653632741896,432.70059827941714,48433600,427.98350830078124,417.9894158935547,0.001720085234454105,0.005638179919193697,92.0703174271671,0.019324487632072396
2021-11-02,434.20477294921875,434.5150024306183,432.49389207149477,432.6255115333647,48908400,429.04200439453126,418.291513671875,0.004043335820856031,0.005406121668426472,92.14536256151077,0.011863982217626523
2021-11-03,436.8556213378906,437.25983186693117,433.19885003088245,433.6406702124122,52509800,430.19920043945314,418.6333215332031,0.006105065061046355,0.005440997061631277,90.84590926234478,-0.0023670466091764153
2021-11-04,438.9143371582031,438.9989373652711,437.10944667746986,437.4572570913363,52847100,431.4513397216797,418.9986889648437,0.004712577153082265,0.005308430866952595,90.43073364333812,-0.006725189807364473
2021-11-05,440.4371643066406,442.4300455313022,438.9237129061649,441.14219466561576,66390600,432.8999420166016,419.44417541503907,0.003469531568043971,0.005178353380764351,90.53981880639174,-0.002689325188146352
2021-11-08,440.8132019042969,442.0352718144265,440.1269906728055,441.53705147758245,50405200,434.15771484375,419.8224066162109,0.0008537826235626156,0.004585090075708064,89.29988964643611,-0.00319864209152132
2021-11-09,439.3561706542969,441.4148618185051,437.9461097849906,441.17985167362065,51149100,435.2312469482422,420.13439086914065,-0.0033053258017357035,0.0046492529637033155,82.47334544583879,0.004065063521305978
2021-11-10,435.8215637207031,439.35612511347824,434.3363123816006,437.6640350330447,69429700,436.1411987304688,420.38823852539065,-0.008044969365810783,0.005347833646674291,69.56704577552651,0.009749526661331442
2021-11-11,435.9625549316406,437.39143479469317,435.94376444998505,437.3162154925545,34848500,436.6535217285156,420.6404083251953,0.00032350673457703927,0.004304284140963839,71.03919058625546,0.012851383919536996
2021-11-12,439.252685546875,439.80730596328203,436.28215431749,437.23160434083906,53466700,437.4074279785156,420.9323321533203,0.007546819280729977,0.004299855035684356,72.21382650901322,0.0034670674791112965
2021-11-15,439.4031982421875,440.70045894132767,438.2751666643262,440.5406680944853,46980500,438.1021270751953,421.2293273925781,0.00034265628934093684,0.0043202670133475575,71.94814682291201,0.0002993395638559715
2021-11-16,441.1421813964844,442.2796223088453,439.0647000337654,439.1398906471806,48857500,438.7958679199219,421.5914624023437,0.003957602405384453,0.004147194861676314,79.54532664875052,-0.002322531586408827
2021-11-17,440.07061767578125,441.0576488248933,439.4501874408848,440.87903881691875,47858300,439.11736755371095,421.9424737548828,-0.00242906655924624,0.004237258722782007,71.61116183633898,0.0027766539710798455
2021-11-18,441.5652770996094,441.82848731755604,438.37852572627077,441.1046377023812,50625600,439.38246154785156,422.35954833984374,0.003396408130408979,0.004249611193938199,72.41247637733503,-0.02290698504569466
2021-11-19,440.7756042480469,442.70267579983584,440.4089746825623,441.4524058684626,57315600,439.4163055419922,422.8271710205078,-0.0017883490675476565,0.004278872725285449,68.88613312642022,-0.009149202729148098
2021-11-22,439.53472900390625,445.1467717517106,439.32791895320247,442.65567024625074,72762000,439.2884582519531,423.24861389160156,-0.0028152085373633895,0.004303189551307974,62.38519098433662,-0.02568599414247663
2021-11-23,440.11761474609375,440.9730551422776,436.60187205072765,439.20577420842636,73206500,439.36460266113284,423.7268780517578,0.0013261426315696045,0.0043020975870999584,58.38580558305783,-0.03778383990762857
2021-11-24,441.29254150390625,441.4147513387007,437.2973700408061,438.1152005502705,61858800,439.9117004394531,424.15911193847654,0.002669574492014659,0.004089168985520805,56.4048319994214,-0.02564730101241508
2021-11-26,431.4503479003906,436.08474023421417,430.32228793387577,434.61827949039883,112669600,439.4604797363281,424.4078082275391,-0.022303104353347702,0.006402579142408488,33.2866045381795,-0.012092151765148218
2021-11-29,436.74285888671875,438.58533038960036,434.0449470141302,436.24463852719293,86268800,439.2094970703125,424.84398681640624,0.012266790401453065,0.006951447523528719,43.6004003558292,-0.012505319264156212
2021-11-30,428.2448425292969,436.2069866122317,428.0004228222706,434.29870556860726,148559600,438.0936614990234,425.2485809326172,-0.01945771106385985,0.008261717053237373,35.696955983381415,0.027921657707728587
2021-12-01,423.48828125,436.80866888995706,423.290880760792,433.9603470803366,131939200,436.328271484375,425.5657501220703,-0.011107106979277748,0.008518010649523847,34.608209878941196,0.042219841601099484
2021-12-02,429.9745788574219,431.5444593337186,423.3096942265421,423.7045239141556,127637800,435.31866760253905,425.9331182861328,0.015316356779168538,0.009159451675155555,43.548800728058936,0.019567111660554692
2021-12-03,426.2331848144531,432.7006394884692,422.0030024782896,431.638417799551,137331600,433.78545837402345,426.1256396484375,-0.008701430798329524,0.00922899203367864,36.10839943915606,0.03819848900346523
2021-12-06,431.28125,433.16133126579666,426.36482716234684,428.7807384739588,98977500,432.8360229492188,426.4053967285156,0.011843435390288537,0.009643340378536947,42.154011789913596,0.0169576281836461
2021-12-07,440.2021484375,440.76617845486504,431.14955415645403,436.5641964227451,95484700,432.90276489257815,426.88744689941404,0.020684642417216237,0.01079528860192684,49.20255798625116,-0.01050660596272579
2021-12-08,441.3678894042969,441.8191192579429,438.8391776820334,440.59707784999495,72238800,433.0277923583984,427.5605169677734,0.0026481946327037154,0.010781827080546966,51.09873664283732,0.0023000477848496015
2021-12-09,438.387939453125,441.4712714729504,438.190538959741,440.0800010576555,61272600,432.7373321533203,428.1602624511719,-0.006751623810227425,0.010733011953511689,47.37496842095709,0.00021440859149146618
2021-12-10,442.5146484375,442.665058357532,438.53829554873346,441.0952068137605,77159800,433.84376220703126,428.9423760986328,0.009413372524625041,0.01092268212232311,51.36167021988877,-0.01965922131373654
2021-12-13,438.5947570800781,442.3455099577305,438.3127276826282,441.9976995198621,87724700,434.02895202636716,429.5502075195312,-0.00885821830138922,0.01100525198430243,49.29363702285927,-0.021414814895734158
2021-12-14,435.5771179199219,437.8144187233226,432.65360596586527,435.3233173325535,97264100,434.7621795654297,430.2029693603516,-0.00688024448866198,0.011110822871036088,46.708391684199576,0.0028637305243168765
2021-12-15,442.383056640625,442.6274476583098,433.1142425689226,435.6335728638,116899300,436.6516571044922,430.90799743652343,0.015625106188324578,0.011643981674387537,50.73089056808773,-0.0026920514944528406
2021-12-16,438.48193359375,444.5169779638093,436.930843709259,444.23497726904446,116568600,437.502392578125,431.5011633300781,-0.008818427804399676,0.011806566677769128,55.12052891827324,0.012441453946555159
2021-12-17,433.8151550292969,438.4092309837767,432.1077064463905,435.3999644120147,135511600,438.2605895996094,431.930302734375,-0.010643034996230538,0.012002569077899494,47.84838414063877,0.03781514999203317
2021-12-20,429.20233154296875,429.5985195949592,425.5798968391535,428.730659907755,107134800,438.0526977539063,432.28222595214845,-0.01063315431204015,0.012201556328789017,50.74629137784297,0.04811178132809335
2021-12-21,436.8244934082031,436.96598912839397,430.45692690267214,432.62660471506297,69806300,437.7149322509766,432.84619140625,0.0177589013504027,0.012910148389140329,59.95010840356454,0.031140645800417976
2021-12-22,441.192138671875,441.30533523820264,436.37164043974565,436.56976321936594,58890200,437.6973571777344,433.51762634277344,0.00999862720516087,0.013109278891385908,58.64261943243875,0.01811027804969556
2021-12-23,443.9372863769531,445.4371985113299,442.0883418877811,442.19209581442925,56439700,438.2522918701172,434.2146331787109,0.0062221138240174945,0.013168386175030284,63.852863471468446,0.00926469950340758
2021-12-27,450.2199401855469,450.2670958254494,445.26738887680665,445.3145445167092,56808600,439.0228210449219,434.89967468261716,0.014152120133606116,0.012361516650581073,64.53800623797349,0.0009429391979438595
2021-12-28,449.8520202636719,451.6821081838997,449.0879146544429,450.65386765775884,47274600,440.14854736328124,435.51399658203127,-0.0008172004148091494,0.012145264302511392,58.52731512019689,0.0014257753895985381
2021-12-29,450.427490234375,451.44628815269533,448.955877247608,449.9558186671151,54503000,441.6335845947266,436.11501220703127,0.0012792428282657475,0.011097417270394082,58.09010645099226,-0.01905850074067006
2021-12-30,449.1822509765625,451.8613419081985,448.72002207295793,450.8519578886304,55329000,442.3135040283203,436.62626098632813,-0.002764572067225579,0.010705479518684316,59.94736480945476,-0.01726308740846061
2021-12-31,448.05023193359375,449.84257807075835,447.77668316160356,448.6917271226337,65237400,443.2703338623047,437.08159240722654,-0.0025201775905161483,0.010363253704326841,55.39925751651418,-0.018675345038146052
2022-01-03,450.64447021484375,450.77655208082115,447.0031792958626,449.3143528535199,72668200,444.95326538085936,437.5666229248047,0.0057900612394605755,0.01006987318947533,62.064963708398494,-0.02553851167199106
2022-01-04,450.493408203125,452.78575342011135,448.63502146505726,452.0688035754126,71178700,447.082373046875,438.0574682617187,-0.00033521328165131425,0.009862642067911324,65.8447209116719,-0.016333070672835404
2022-01-05,441.843017578125,450.8991165177179,441.7486775164381,450.1255683158479,104538900,447.5842254638672,438.329619140625,-0.019202035962088027,0.009966195672943604,49.447978458182874,0.005636568682868548
2022-01-06,441.427978515625,444.1448112867114,439.0601780901141,441.3808228754029,86858900,447.60780944824216,438.58576171875,-0.0009393360220445457,0.009952717512952718,53.2425010278086,-0.007287390167187602
2022-01-07,439.6827392578125,442.61655098349416,438.32432302285764,441.4373722231892,85111600,447.18235473632814,438.8449755859375,-0.003953621752026626,0.009871354733878552,56.90189543755308,-0.0029392975503632623
2022-01-10,439.13568115234375,439.3526316532516,430.7304901894249,436.48488919074714,119362000,446.0739288330078,439.01090270996093,-0.0012442110108579207,0.009632225496263287,62.92015839395893,-0.019376705311711984
2022-01-11,443.1354675292969,443.22980760686403,435.87171338487093,438.87156663562837,74303100,445.4022735595703,439.23933959960937,0.0091083156040912,0.009633702767657055,59.062567378298354,-0.03831842939953911
2022-01-12,444.33349609375,446.3900061138433,442.37135493830107,444.8712086177971,67605400,444.7928741455078,439.47688537597656,0.002703526691584246,0.009481331882142365,54.96276097211027,-0.05152651937648012
2022-01-13,438.21112060546875,446.0880403766342,437.1828801948643,445.4371314065704,91173100,443.6957611083984,439.55701232910155,-0.013778784498815977,0.009379603004678744,41.825956720502475,-0.05715444942936643
2022-01-14,438.390380859375,438.7394131797268,433.8434604749311,435.06038106331687,95890900,442.7297760009766,439.58770751953125,0.0004090728086922901,0.009169965548610624,29.54999878660368,-0.05353766636761015
2022-01-18,430.6266784667969,433.9000801446297,429.51354052849086,433.6925435130348,109709100,440.7279968261719,439.4219543457031,-0.017709563739420897,0.009722334934174702,23.532599836315995,-0.04823767652733457
2022-01-19,426.15521240234375,433.56987477528105,425.8816348637501,432.17374552013666,109357600,438.29417724609374,439.13631530761717,-0.010383625279263509,0.0097085592111828,19.821788760034067,-0.04066396958978258
2022-01-20,421.43853759765625,432.749212360242,419.3160155840139,428.04193941787696,122379700,436.25372924804685,438.7488220214844,-0.011067973985577795,0.008998507773702412,18.246695456698305,-0.034717341392983436
2022-01-21,413.1654052734375,422.6742906855869,413.1371061330772,420.3159330270776,202271200,433.42747192382814,438.2250067138672,-0.019630697210033077,0.009392399549505511,15.683086422569858,0.009064376208950398
2022-01-24,414.91998291015625,415.42939619247676,396.9210110831176,407.5524763611368,251783900,430.9511962890625,437.8069750976563,0.004246671222527754,0.009297631123360808,14.266788766788764,0.02289480408275968
2022-01-25,409.854248046875,414.8067989622443,402.9489701470522,408.52413091783615,167997300,428.02305297851564,437.2848089599609,-0.0122089440661578,0.008524842593063905,12.989676739423828,0.042534741354199435
2022-01-26,408.8260498046875,418.8820910132849,404.56212043743244,415.7501849161173,186391100,424.5921112060547,436.6762762451172,-0.0025086924122106335,0.008493137931912753,15.083780853041418,0.0553093619395999
2022-01-27,406.80731201171875,416.57091988117384,405.1187484129023,413.42959969479165,149878300,420.83949279785156,436.0243585205078,-0.004937889339324597,0.008374350856218848,14.588938901131826,0.035618279670722064
2022-01-28,416.9104919433594,416.95764758264465,403.5810494178644,408.16568303658295,164457400,418.7094299316406,435.5397247314453,0.0248352958103899,0.010716651602075947,30.10876455387661,0.015273410928063225
2022-01-31,424.41949462890625,424.76852696731544,414.89172362734763,416.2406973417306,152251400,417.3123413085938,435.2267022705078,0.018011066717330326,0.011764369899704105,38.539484141319264,-0.00588996718144863
2022-02-01,427.28729248046875,427.9287589149775,421.61779092107525,425.1458850994215,123155400,416.97840270996096,434.941142578125,0.006756988988147139,0.011802760548736234,37.436415531908,-0.004437714934631298
2022-02-02,431.4379577636719,432.16432156191325,427.3815652994968,429.6927673307446,117361000,417.5066772460938,434.7543896484375,0.00971399186507016,0.012113677780281452,40.23427876519939,0.0004155655946771475
2022-02-03,421.2970886230469,427.3061803398797,420.4574993371218,425.40063739567904,118024400,417.49253234863284,434.3896368408203,-0.02350481444235797,0.012466666754660918,37.92596536464199,0.006090301797246456
2022-02-04,423.27813720703125,427.126965085693,418.6840312949437,421.0612747625027,118454400,418.50380554199216,434.05284729003904,0.004702260322897445,0.012562629698343035,39.48271394650434,-0.01836426849415329
2022-02-07,421.919677734375,425.4383293530502,420.5895604027736,424.0421998784849,84472900,419.2037750244141,433.66539001464844,-0.0032093778375135162,0.012557708397095128,43.34729422759538,-0.01842339613339561
2022-02-08,425.39111328125,426.3155998254575,419.995189934305,421.4196471387826,81012000,420.75746154785156,433.5442053222656,0.008227716624917614,0.012764026809267198,49.4071191170105,-0.010733171793879892
2022-02-09,431.61724853515625,431.9379817631401,429.2305914308077,429.4286854386847,92589900,423.0365814208984,433.4416931152344,0.014636260748093655,0.013062454231379075,57.71711084045653,-0.02391044367928863
2022-02-10,423.8629150390625,431.7775484247765,421.86303233721947,425.76845767621467,140103700,424.7421417236328,433.3540545654297,-0.017965763700155124,0.013543258428145957,58.174752427220696,-0.02728563467572509
2022-02-11,415.50494384765625,426.0232149227556,414.0710725267029,423.947877125735,153214600,424.6015869140625,433.1943878173828,-0.019718571488227532,0.013870137024148787,50.40603356385962,-0.014144343562586315
2022-02-14,414.146484375,416.5803257355876,410.67498861776903,414.9955162101405,123006300,423.57428588867185,432.87782592773436,-0.00326941831323746,0.013852997828728357,53.14098429775838,-0.021525262564668468
2022-02-15,420.8253173828125,420.9951122132897,418.0707431602709,418.58959908256503,88482700,422.92808837890624,432.76966857910156,0.016126740802573147,0.013995211518310265,58.1101417612319,-0.054135709770925966
2022-02-16,421.2970886230469,422.6743616661116,416.90110575473415,418.7783495538221,84863600,421.91400146484375,432.5699853515625,0.0011210619246209141,0.013827134235184292,60.002612302681605,-0.04097634324450383
2022-02-17,412.29754638671875,421.2687487717077,411.693821753136,418.10854352626,102259100,421.01404724121096,432.0118933105469,-0.021361510628383207,0.014420731144807682,46.76630921936779,0.0015788110967696056
2022-02-18,409.6278991699219,413.806902341528,407.3544387638589,412.55223985255054,132642900,419.6490234375,431.37709350585936,-0.006475049973479252,0.013813284852882836,38.876319914442234,0.00552683676524679
2022-02-22,405.23187255859375,410.82588982072514,401.7320491873631,407.42043529880675,124391800,417.98024291992186,430.71397216796873,-0.010731755869744952,0.013956870216781297,33.786403149428224,0.0009546159779338925
2022-02-23,398.04364013671875,408.71284849771104,397.477628508236,408.1468368692283,132578000,415.24549560546876,429.8245520019531,-0.0177385662595817,0.014240651964176412,26.500339094867968,0.037777002910505786
2022-02-24,404.03387451171875,404.4678331044579,387.3744592030102,387.7329054308326,213942900,412.487158203125,429.1333343505859,0.015049190015804514,0.014700184974275976,37.098158101566014,0.01730095860969949
2022-02-25,412.948486328125,413.0333837616076,403.61880824968927,405.26965885180056,121804500,411.3957153320313,428.68076171875,0.02206402081305603,0.015488663224016444,43.00497468844133,-0.012747075415755926
2022-02-28,411.891845703125,413.37290107565593,406.2978287988376,407.55246228230124,145615000,411.03440551757814,428.0709375,-0.0025587710331510527,0.014432451810378501,43.18148805714575,-0.03939246071237834
2022-03-01,405.61871337890625,412.4013531876371,402.9112942533806,410.39202759579075,137785900,410.18162841796874,427.41367309570313,-0.015230047376903366,0.014097910580290623,37.04902605138636,-0.03193175633349721
2022-03-02,413.0805358886719,414.8068411449072,407.1186004140651,407.8732634005898,117726500,409.4071502685547,426.9989807128906,0.018396149545485185,0.014712565680982366,38.05181648835201,-0.023932937066331372
2022-03-03,411.0240478515625,416.1180952528959,409.22225892771945,415.51437058927706,105501700,408.3798461914063,426.6354150390625,-0.004978419117921407,0.014483653843861657,41.06841693175969,-0.023479043891955986
2022-03-04,407.6846008300781,408.8165952787163,403.63765086397046,407.2883840604993,113978200,407.9185516357422,426.0526171875,-0.008124699853791495,0.01368604328131572,44.15125569395367,-0.02799825945173029
2022-03-07,395.6664123535156,407.8072341448679,395.60037142345385,407.09972677904506,137896600,406.52240295410155,425.1421026611328,-0.029479132771001226,0.014940660483987308,38.07962129118949,-0.005793587247459486
2022-03-08,392.6665954589844,403.00562856631194,391.60061306814714,395.8456573433794,164772700,405.2658752441406,424.11668884277344,-0.007581681944362262,0.014971821213109868,30.931473953737324,0.02383184946116379
2022-03-09,403.1943054199219,405.1753318232111,398.8643637492097,401.05292680024445,116990800,405.78094177246095,423.1761761474609,0.026810811214108332,0.01625800987633219,39.21060270837168,0.019208634416730153
2022-03-10,401.37359619140625,402.2697547820951,396.61913933731984,398.5812801406087,93972700,405.51491394042966,422.2066076660156,-0.0045157116656679985,0.015748473357612893,42.87996047295604,0.036641066406330136
2022-03-11,396.2701416015625,404.4772092709991,395.7607282684723,403.8640420157582,95636300,403.8470794677734,421.1234606933594,-0.012714973377097816,0.015537115710606265,41.561373494152434,0.061492046965031966
2022-03-14,393.37408447265625,400.4963135753872,392.2326473482891,397.04370305998077,95729200,401.99530334472655,420.0072973632812,-0.007308290039722776,0.015085861572044707,42.364252637834355,0.06899405294706429
2022-03-15,402.0245666503906,402.6565904451957,394.71365716973366,395.98714740326733,106219100,401.635888671875,419.0867840576172,0.02199047298535417,0.01605530644223678,52.516108673705375,0.05823172372561025
2022-03-16,410.9391174316406,410.99571571466925,400.7321381601262,405.5337798825797,144954800,401.4217468261719,418.2926770019531,0.02217414437014309,0.016454002896307728,54.20881445770762,0.021942864560671405
2022-03-17,416.0803527832031,416.0803527832031,408.6468044640496,409.02413595065417,102676900,401.92737731933596,417.6044158935547,0.01251094172707412,0.016728275350283886,52.000943685011976,0.02453014756140126
2022-03-18,420.6376037597656,420.95933337461315,413.72981682419214,414.467909206015,106345500,403.22267761230466,417.1803076171875,0.010952814633227836,0.01615709930606768,55.34841065527787,0.018379356754798737
2022-03-21,420.5145568847656,422.4733213729706,417.00386088702027,420.4672258759616,88349800,405.7074920654297,416.7620391845703,-0.0002925246670772985,0.016062895558641606,59.85041150760192,0.025923222753699182
2022-03-22,425.4351501464844,426.37195178227597,421.9055391743934,421.9055391743934,74650400,408.9843475341797,416.4770874023437,0.011701362488307776,0.015951464534979573,58.454070164213235,0.02660211400336232
2022-03-23,419.956298828125,424.3943252385868,419.871137651901,422.89922534823637,79426100,410.660546875,416.0934997558594,-0.01287822907080649,0.015660370051827046,55.838729368394596,0.033573701225655395
2022-03-24,426.286865234375,426.29633721311484,420.86473496549416,421.981331093405,64736900,413.15187377929686,415.75652770996095,0.015074345649571663,0.015661406668880672,61.70211132113361,0.0025526596570242255
2022-03-25,428.36865234375,428.64307980820996,424.33751705816746,426.92085470819296,77101300,416.3617248535156,415.4372308349609,0.004883535663784633,0.01500669202468638,73.5111920863123,0.0005080935918084784
2022-03-28,431.4156494140625,431.4156494140625,425.8799424500739,427.77248986490883,68529800,420.16588134765624,415.3013214111328,0.007113025319759769,0.015009871013427642,77.83964711964789,0.0019520213731307745
2022-03-29,436.75262451171875,437.24470532869987,432.6174129701443,435.30482687325934,86581500,423.63868713378906,415.2685662841797,0.012370842608293797,0.014563375499540182,76.05356096141718,-0.02279270321580318
2022-03-30,434.0557861328125,436.42147053755207,431.94558524771077,435.60766008577025,79666900,425.9503540039062,415.3371484375,-0.006174750253467365,0.0143017578622598,75.03281827650754,-0.0265533489791987
2022-03-31,427.3750305175781,434.11249405446523,426.9208087850542,433.2892406276236,121699900,427.07982177734374,415.3615447998047,-0.015391467706849515,0.014773053005523926,73.26260523285086,-0.006354725091891944
2022-04-01,428.5863037109375,429.0972707248986,425.0093902232998,428.9553354432427,89048800,427.87469177246095,415.50450012207034,0.002834216102640452,0.014577509660991687,77.01516719502887,-0.011812232428618952
2022-04-04,432.2577819824219,432.36188709811455,427.96172050083106,428.7849739372156,59601000,429.04901428222655,415.88634765625,0.008566485302247573,0.012505626705358904,75.1138980459121,-0.03695268000228458
2022-04-05,426.7978515625,433.2325015603828,425.6528684021026,430.7627409154782,74214500,429.18528442382814,416.12390502929685,-0.012631190570778217,0.012809787308389215,63.97551174525072,-0.028246491747913827
2022-04-06,422.5301513671875,424.81067460735846,419.64402793365923,422.88029691792224,106898000,429.4426696777344,416.37742309570314,-0.009999347887269194,0.01201820096277056,55.77276374953361,-0.007189067209573574
2022-04-07,424.6591796875,426.47603764852965,419.70071542078097,421.6500366650855,78097200,429.2799011230469,416.6940856933594,0.005038760697724243,0.011917752486916629,53.76299625639283,-0.024466570158514056
2022-04-08,423.52374267578125,426.4193379958125,421.98131186663085,423.9022463943376,79272700,428.79541015625,417.0284143066406,-0.002673760667446956,0.011427119972292,52.76334676449801,-0.021449232044960853
2022-04-11,416.2846984863281,421.09175571037406,415.78317462902817,420.2495583375235,89770500,427.2823150634766,417.0158984375,-0.017092416457499038,0.012099047212480351,41.940294495546006,0.011638599066316813
2022-04-12,414.7423095703125,421.80150331220403,413.19040683522564,419.2749398176844,84363600,425.08128356933594,416.8223547363281,-0.003705129978651578,0.011303746079362366,45.06533267095671,0.014647826136864328
2022-04-13,419.4925537109375,420.24956105130474,414.3164358847849,414.49623018176845,74070400,423.6249603271484,416.6664599609375,0.011453483358248251,0.01050357604283625,43.37138760334319,-0.011842485471338038
2022-04-14,414.26922607421875,420.8363687322028,414.1651209368808,419.71974367105213,97869500,422.3143798828125,416.3230853271484,-0.012451538389685046,0.010557135720201212,37.038923906103236,-0.026839415521761167
2022-04-18,414.4394836425781,416.123849633217,412.2062627473825,413.34180271144544,66002500,420.8996978759766,416.18593322753907,0.0004109829010781052,0.010230956781738397,33.52298207440258,-0.02159965944920572
2022-04-19,421.1296691894531,421.8488175877449,414.1650795150678,414.33540185587515,77821000,419.78688659667966,416.1429638671875,0.016142732077730315,0.010902740472262328,35.22453279457392,-0.06502800774255613
2022-04-20,420.8173828125,423.5237406996165,419.65348460531936,422.9086685500845,65224400,419.1888397216797,416.12091796875,-0.0007415444690804796,0.010557205277232206,36.88834375706518,-0.06170315281133021
2022-04-21,414.52471923828125,425.83270326471836,413.61630443070874,424.441679554067,85417300,418.38829650878904,415.9035900878906,-0.014953430707073556,0.010694646449306781,37.17412083061989,-0.023398703069230087
2022-04-22,403.1504821777344,414.54359749502777,402.5827121441921,413.43647336370464,132471800,416.2374267578125,415.33425476074217,-0.027439225051398286,0.011602486994481666,28.89431012068121,-0.032954781579864756
2022-04-25,405.48773193359375,405.6580542602697,396.33725301076987,400.9077709224342,119647700,414.43382568359374,414.9667510986328,0.005797462384849572,0.011635769859499184,27.284248513974106,-0.032741271896742585
2022-04-26,393.74444580078125,403.1504075771343,393.7160587482562,402.95166933148056,103996300,412.17980041503904,414.5315411376953,-0.02896089131183799,0.012778301554631293,24.655148045082314,0.0006731400756057049
2022-04-27,394.85162353515625,400.19809313911514,392.7130645715548,394.82323647876274,122030000,410.19073181152345,414.14564392089846,0.002811919624982284,0.012284066758811272,27.695447950225017,0.028255134405863913
2022-04-28,404.82537841796875,406.55707558525125,395.1639313315665,399.6019576141651,105449100,408.72401428222656,413.82564514160157,0.02525950075503358,0.014009911247260011,35.81101438036579,-0.03272480916024778
2022-04-29,389.86474609375,402.98955707599237,389.1171818200173,400.832054296418,145491100,406.2835662841797,413.19699829101563,-0.03695576691037483,0.015709219899622224,29.897092114040746,-0.0016019459122317281
2022-05-02,392.2115478515625,393.5741843394114,383.2597775315031,389.93102468617633,158312500,404.06077270507814,412.7952783203125,0.006019528006382391,0.01580297784860756,34.72990463122953,-0.03935048803344665
2022-05-03,394.0094909667969,396.4224776148035,391.1517255979903,392.7131004763314,100028200,401.3487548828125,412.48291015625,0.004584115702566782,0.015656670010521782,36.891245496942645,-0.041524593593492254
2022-05-04,406.0082092285156,406.5759792490273,391.48290152050896,394.67183940897127,144247900,399.8678375244141,412.4984368896484,0.030452866077608887,0.017351837861262622,42.19009881529815,-0.0846266899988628
2022-05-05,391.5775451660156,402.16635092774,387.44233342518896,401.7405161814466,172929100,397.5731201171875,412.3691149902344,-0.035542788875921216,0.018822243650144715,38.12399796966574,-0.051883715124984686
2022-05-06,389.2402038574219,392.51430263534195,383.9316224860018,389.01310741996485,151770800,396.1820922851563,412.07324157714845,-0.005969038157187523,0.018716142424171012,37.10413458565123,-0.023386892736853127
2022-05-09,376.77783203125,384.5751184962438,375.19754216123187,383.3355021930368,155586100,393.31110229492185,411.3498284912109,-0.03201717526264791,0.019715491662139824,28.56884164294226,0.004822109633884075
2022-05-10,377.6484069824219,384.26285159656214,373.60782825671424,382.75827972149085,132497200,391.7014984130859,410.6649597167969,0.0023105790127793124,0.01959958193341352,29.252351225459208,0.023127597469789984
2022-05-11,371.6490783691406,382.3325189051048,370.90151389396823,376.68326250399224,142361000,389.38124389648436,409.9855670166016,-0.015886015940643206,0.019756496929813266,29.335065034396223,-0.002266263224350862
2022-05-12,371.26104736328125,374.53514652082424,364.4573366484498,368.45061311196713,125090800,386.0248107910156,409.14917724609376,-0.001044079020892874,0.01939356318529161,32.80964835019489,-0.0073405229648936254
2022-05-13,380.1370849609375,381.5186365245012,374.35533743902573,375.39624432033366,104174400,385.0520446777344,408.53143798828125,0.023907807351981614,0.02042470494686586,37.2343806379475,-0.03009561723306664
2022-05-16,378.5946960449219,382.26624315358947,376.2384834313431,378.4906197842672,78622400,383.6903594970703,407.94963989257815,-0.0040574544737568274,0.02039729234893196,41.497671235363654,-0.007923235205235968
2022-05-17,386.38250732421875,386.6190757634291,380.9508763229202,384.68866921363724,83029700,382.9276611328125,407.7639617919922,0.020570312687034686,0.020653421436212065,45.57851937532462,-0.03533999179526515
2022-05-18,370.80682373046875,382.1053347959958,369.56720740842707,381.82146421765935,117674500,379.4075225830078,407.3267663574219,-0.04031156509029077,0.02215614663229321,33.221316899038314,0.014061200938422891
2022-05-19,368.5357971191406,372.96438058327726,366.31204784682575,367.7409305686508,98510700,377.1033477783203,406.63359619140624,-0.006124554528098125,0.02205759521471899,37.97484601797441,0.0406973860361981
2022-05-20,368.6966247558594,375.6990443299585,360.09500032544264,372.12213091455766,131432200,375.0489898681641,405.9800567626953,0.0004363962414939415,0.021480105293146187,36.407362286995685,0.06578034376831066
2022-05-23,375.5950012207031,376.3614806717681,369.406362617675,371.72471605038334,76414900,374.9307067871094,405.5665539550781,0.018710169829766254,0.021985666970712574,39.948332879119334,0.040335496323907316
2022-05-24,372.7277526855469,373.92003788214953,366.1700541533183,371.4691925228241,91448800,374.4386413574219,405.15362731933595,-0.007633883640191019,0.021193300057862765,29.822129428909136,0.039858950019662664
2022-05-25,376.02081298828125,377.98907865192785,370.8352510778718,371.2326698997725,91472900,374.8758148193359,404.63355224609376,0.008835028459800665,0.021315554551303018,39.09525551426939,0.05038116455449648
2022-05-26,383.53424072265625,385.17130483180716,377.04281616113974,377.25099755722835,82168300,376.10313415527344,404.08545471191405,0.01998141452507629,0.020987542444774205,46.27091431637186,0.012903685255397868
2022-05-27,392.9496154785156,393.0631636990263,385.7957888065358,385.9944981924295,84768700,377.38438720703124,403.62283996582033,0.024548980915286567,0.020160843011643358,61.0073237171032,-0.008356209566305117
2022-05-31,390.74481201171875,394.08515718858496,388.00062391684565,391.33149711527295,95937000,378.5993988037109,403.02498413085937,-0.005610906284033268,0.02016368048018445,58.755050837858676,0.006805022147113204
2022-06-01,387.58428955078125,393.8770046632853,385.06719773018256,392.8645136255513,86585800,378.7195770263672,402.3663787841797,-0.008088456618696505,0.020211335004227542,61.07309794813744,0.003979414130085512
2022-06-02,394.9651794433594,395.01248157548275,385.17124122143497,387.4233771677342,79609600,381.1354125976562,401.75697937011716,0.01904331545825233,0.019433999299490155,65.01259590923833,-0.03821361700029957
2022-06-03,388.4832458496094,391.79520408065434,387.5085850110212,390.2433012195324,71874300,383.1301574707031,401.12751831054686,-0.016411405184845074,0.018078009797921846,55.45120372684723,-0.05051878585233616
2022-06-06,389.6660461425781,394.22706332553315,388.4926471442496,392.4953952002465,57508900,385.227099609375,400.3951019287109,0.0030446623003830275,0.018039997383620332,57.26525783047986,-0.08934167057143483
2022-06-07,393.4038391113281,393.8580609068562,385.71062891259504,386.17432268656637,59272400,387.0079833984375,399.6958056640625,0.009592298343033878,0.016457672495234884,54.86620809498449,-0.10071191214188258
2022-06-08,389.12664794921875,393.479512475004,388.3317815558461,391.69104143143073,64350000,388.6478729248047,398.85002563476564,-0.010872265943746906,0.016718752181009964,65.05443434524807,-0.0778658639208426
2022-06-09,379.87213134765625,389.61873928900354,379.87213134765625,387.34768809546443,86289800,389.0330047607422,397.71241577148436,-0.0237827880725614,0.017239369538921166,58.35658299488035,-0.08666310508409214
2022-06-10,368.8575439453125,374.5162720988765,368.8102418028828,373.6646313892331,132893900,387.5653350830078,396.40845092773435,-0.02899551320932059,0.01851946243658355,50.102258530820485,-0.05736177975107237
2022-06-13,354.8526306152344,361.2967520769685,353.2439538052529,359.4420637467876,170004900,383.75563659667966,394.9580029296875,-0.037968352714929154,0.01943288669386825,37.910830354703585,0.0045072112025212885
2022-06-14,353.78338623046875,357.63472758428236,350.6796092755737,356.6032925923492,104011800,380.0594940185547,393.4619445800781,-0.0030132068710094773,0.019432019236599665,38.72239091438581,0.005716492014767205
2022-06-15,358.82696533203125,363.2744339830128,352.1273319853411,357.08579647279396,125666800,377.1837615966797,391.99332824707034,0.014256121960110724,0.019073441533096695,39.973447988667345,0.0013003865779692703
2022-06-16,346.95123291015625,351.01075501197846,344.51930266450194,350.60386426743156,134473300,372.3823669433594,390.3963958740234,-0.033095986559666946,0.018397108109302996,29.699538428815487,0.06849863548780188
2022-06-17,347.69921875,351.04450954430285,344.1924117569051,347.36661545178714,111113900,368.30396423339846,388.8997772216797,0.002155881774996926,0.018419979993533155,22.217371410498217,0.06212741613396089
2022-06-21,356.4520263671875,357.83954577017596,353.35383919081494,353.4298843377524,76811900,364.98256225585936,387.53563415527344,0.02517350383660455,0.019446640912160064,30.512029512922993,0.014877545114732493
2022-06-22,355.8057861328125,359.9208378596493,351.8047441204501,352.2229054186672,90059400,361.22275695800784,386.18127502441405,-0.0018129795500426704,0.018856218257144577,31.409603640248392,0.015892469399720888
2022-06-23,359.2935791015625,360.02534683784137,354.3802275814878,357.94408234086904,79292100,358.2394500732422,385.04145263671876,0.009802518971538277,0.019010409135481774,28.136270775824045,-0.0021425540365292983
2022-06-24,370.7169189453125,370.72643183907684,362.43928023680013,362.4677899153683,98050300,357.3239288330078,384.16094482421875,0.031793888085378086,0.02032527676126997,39.73264565319912,-0.02266191030167808
2022-06-27,369.3008728027344,371.9333630110348,368.2079631712672,371.63875334523215,66009600,357.36826171875,383.1571112060547,-0.0038197505163960477,0.019750830973027902,38.26238742145622,-0.01706162445519066
2022-06-28,361.7551574707031,373.64419103247536,361.641118712763,370.8596383494048,86548900,358.0585144042969,382.10682983398436,-0.020432432977383952,0.01915623844740771,32.526066063232534,0.006830019217996863
2022-06-29,361.4604187011719,363.2946090766125,359.6357412197438,362.3062541919747,65676000,358.8262176513672,381.04724853515626,-0.0008147465583959734,0.01916439829532556,34.0222272902396,0.02274268669368107
2022-06-30,358.5237731933594,361.7645084605366,354.0665767146873,357.56389907239446,112508300,358.7958984375,379.79513061523437,-0.008124390267583603,0.0191648318387334,36.70039495212627,0.03027194083268059
2022-07-01,362.3157653808594,362.7529525002182,355.2450743514729,357.8680810567147,74839700,360.3323516845703,378.6250982666016,0.010576682694497075,0.01872412943955101,45.52158574736062,0.007842752112616536
2022-07-05,363.0,363.01902578805715,354.3897288005455,357.22181596212545,81438000,361.8624298095703,377.59460388183595,0.0018885035775944026,0.01853898296245757,56.821753321916596,-0.0029582714574724056
2022-07-06,364.2259521484375,366.715894004098,360.7571393570924,363.14252639295074,70426200,362.6398223876953,376.81611328125,0.0033772786458332593,0.01854504908357411,58.72062559380849,-0.011532845198591435
2022-07-07,369.6809997558594,370.4792996961626,364.2449324457464,366.0031064941069,64525900,364.02734375,376.0999786376953,0.01497709752763221,0.018778255286385787,59.0023767398419,-0.02848376636482952
2022-07-08,369.3769836425781,371.2491967887842,366.516386504775,368.04645446042775,72397800,365.0356842041016,375.61262939453127,-0.0008223741914841209,0.018688975967918235,73.01845054513402,-0.00910792486127232
2022-07-11,365.1573181152344,367.6662567653329,364.46354395303933,366.6968987191373,58366900,364.47972412109374,375.0187432861328,-0.011423737033455339,0.018142255467177893,66.72736937951652,-0.005933905674450846
2022-07-12,361.9261474609375,366.9915903599883,360.1774858287248,364.60617377885575,62219200,363.74225158691405,374.1607586669922,-0.0088487084716653,0.017082045998496383,55.8656411866269,0.030039471833610554
2022-07-13,360.025390625,362.96203282628903,356.06239989210513,356.48056122161495,84224600,363.56927490234375,373.5639715576172,-0.005251780920699112,0.014742555619864286,54.403024428270456,0.042076957869724874
2022-07-14,359.1510925292969,360.2344894812079,352.6221141267699,355.06452096685234,89704800,363.3383422851563,372.9027624511719,-0.002428434545089564,0.014735116423627796,49.84274261725594,0.05525122097556867
2022-07-15,366.0127258300781,366.1267645686113,361.6505700647993,363.5607769406915,79060400,364.0872375488281,372.3428271484375,0.019105143889327048,0.015004628782297726,44.22683817828949,0.025861247400155385
2022-07-18,362.9905090332031,369.7760736131692,361.764534839165,369.1013252129824,63203600,364.1547119140625,371.48247314453124,-0.008257135841440832,0.012906633420087047,42.54941044721265,0.03565899893168867
2022-07-19,372.7982177734375,373.3684403556091,366.2597563730755,366.9154789894388,78506000,365.13453369140626,371.1068865966797,0.027019187819418367,0.01403590672175383,62.37731592172026,-0.003517806207868235
2022-07-20,375.1741638183594,376.5902220427515,371.6198214217243,372.98834417392436,71843800,366.22935485839844,370.82556579589846,0.006373276297060526,0.013113116814641371,64.68555144511694,0.015882760179659394
2022-07-21,378.99462890625,379.04213537491796,372.1900378364041,374.5944510061109,64903900,367.1607177734375,370.8699017333984,0.01018317745819064,0.01317274984501791,71.51425230332643,0.01825500430956173
2022-07-22,375.478271484375,380.31560739398503,373.2544293512537,379.1181717855212,72197300,367.7708465576172,370.8264990234375,-0.009278119407715502,0.013362316106799447,63.914010435451374,0.04277503496517143
2022-07-25,375.93438720703125,376.7897064873113,373.6915196914538,376.10544526254284,53631500,368.8485534667969,370.91220520019533,0.0012147593011258007,0.011416466331038707,63.73912919450686,0.03842573899117574
2022-07-26,371.4867858886719,374.4994153201888,370.59344384206173,374.2903346496475,52946400,369.8046173095703,370.9167199707031,-0.011830791408581676,0.01172207600852936,57.218533241181284,0.0439252702667956
2022-07-27,381.1329650878906,382.88162668042236,374.48991881207405,374.78452854217437,82342100,371.9153747558594,370.9366375732422,0.02596641271140543,0.011979024031437059,60.5094503219562,0.0334379990655751
2022-07-28,385.9131774902344,386.6069226009788,378.3863040631557,381.94067465500603,73966600,374.5915832519531,371.08300720214845,0.012542112176629594,0.012145107959015916,64.02315306530187,0.01994756596423275
2022-07-29,391.53936767578125,392.52775161157655,386.5784802133014,387.3482705951752,87003700,377.1442474365234,371.1861444091797,0.014578901456893778,0.01207720539540668,71.85143731285713,0.003592372292295254
2022-08-01,390.37994384765625,392.8889118778882,388.1275919584921,388.8403630121632,69997500,379.88319091796876,371.5776068115234,-0.0029611934937920914,0.01209706406713457,74.40496195714198,0.005404406045355081
2022-08-02,387.804443359375,392.49923066625485,386.6260045869153,388.81182405248916,63435400,381.3838134765625,371.9629797363281,-0.006597420100265983,0.012314726033331459,73.55360695204324,0.008062591953020837
2022-08-03,393.8772888183594,395.04621476373677,389.6481690410905,389.9332658563709,67820600,383.2541259765625,372.46659301757813,0.01565955615768111,0.012617021915177678,77.05864448534481,0.013366989574535415
2022-08-04,393.6112060546875,394.4855223283824,391.9670703405135,393.8012609389681,45656600,384.7157836914063,372.8269171142578,-0.0006755473626574027,0.012383316609695756,73.96831353790814,0.014052029748829575
2022-08-05,392.9459228515625,393.5921616324373,389.2680289335886,389.32504829644654,56814900,386.462548828125,373.2312805175781,-0.001690203919226252,0.012399711826913653,77.12570779549166,0.03296491812863134
2022-08-08,392.4897155761719,396.88989316531894,391.387292955347,394.63754145835884,53886100,388.1180816650391,373.56065856933594,-0.0011609925154076883,0.01196886072337832,71.46707831936575,0.038427186221897225
2022-08-09,390.93115234375,392.26165245097286,389.8572393634721,391.7579620888554,44931800,390.06251831054686,373.70859680175784,-0.003970965787304603,0.01174771578449871,67.48948750796863,0.04460917818160026
2022-08-10,399.1422424316406,399.284819832152,396.0345713490144,397.9923133525369,68665700,391.8634460449219,373.8324493408203,0.02100392879580637,0.01212885036544204,70.37679023045446,0.01585759807656384
2022-08-11,399.1422424316406,403.8560554717358,398.40096176043045,401.99332639825303,59489700,393.1863525390625,374.0003979492187,0.0,0.012060003743190535,75.76579216866068,0.01881017284608344
2022-08-12,405.89935302734375,406.0038788583054,400.130652464098,401.0810138483799,61694500,394.6223510742187,374.36669921875,0.016929079103573885,0.011938688115837499,78.68982363459988,-0.011613238890839539
2022-08-15,407.5719909667969,408.09470715752286,403.62799681331194,403.685016179176,54048300,396.3415557861328,374.61883544921875,0.004120819427224864,0.0115148083266433,86.48852983107962,-0.03616581528303442
2022-08-16,408.3702697753906,410.29950209001703,405.69024389909407,406.4980568196023,59289000,398.39813842773435,375.0165759277344,0.0019586203818868775,0.010402174993666044,83.54395269858881,-0.04037685824965365
2022-08-17,405.4716796875,408.18021543915523,403.4664310836019,404.7684215424708,63563400,399.5575775146484,375.3326885986328,-0.007097945914341097,0.010714023365184552,75.25776283690851,-0.030422994896472377
2022-08-18,406.6501770019531,407.3344094071018,404.3787992026303,405.67127686044,49023200,400.861474609375,375.5976153564453,0.0029064849001572135,0.010614110642048513,72.04663020954386,-0.019584524348874144
2022-08-19,401.185546875,404.1506695923492,400.3112016877868,403.8845695793236,68016900,401.68543701171876,375.83879333496094,-0.013438159961570273,0.010915840890046888,64.00585109917756,-0.03986825546354311
2022-08-22,392.8318176269531,396.5192238154388,391.928962863326,396.348136753099,77695600,401.7196472167969,376.09798706054687,-0.02082260767646671,0.012183763147661637,55.66738705786592,-0.025934189139123598
2022-08-23,391.8815612792969,394.79917797760174,391.33033538049193,392.40424849113856,49105200,401.81468811035154,376.55846740722654,-0.002418990277815669,0.01178568246091453,47.456437861721334,-0.03429148812316629
2022-08-24,393.1360168457031,394.50451059223457,390.9691939931629,391.6534263650644,49177800,401.2140655517578,377.32413513183593,0.0032011089327885767,0.010447991309728837,49.40925270144252,-0.044697596644569404
2022-08-25,398.6861267089844,398.73363317866927,393.53515507562247,394.62806490293383,50942300,401.1684539794922,378.22218994140627,0.014117530893791308,0.010540333809556143,56.36327591911355,-0.055040409450383576
2022-08-26,385.19097900390625,399.11376779613755,385.13395963978553,398.5720838369905,103087000,399.0976165771484,378.74947021484377,-0.033849052678295743,0.012752184745721288,43.72347109251204,-0.032247028942781975
2022-08-29,382.64404296875,385.69469516399244,381.285033028505,382.23539449766605,65370800,396.6048217773438,379.4633264160156,-0.006612138326142936,0.012811658069375242,42.99264045581693,-0.02948116518110644
2022-08-30,378.443359375,384.0410012678557,376.34306905482566,383.8034109464827,85652400,393.6121307373047,380.0782092285156,-0.010978045185700336,0.012950489900667935,31.224162014652805,-0.0010796049813431852
2022-08-31,375.56378173828125,381.3229690519403,375.4307462340977,380.07799803546214,76029700,390.6213409423828,380.4604443359375,-0.007609005589302442,0.012395031822498853,29.673965373454735,0.013158602537168607
2022-09-01,376.7422790527344,377.0843952355188,370.6789686786316,373.38750446992157,78740100,387.63055114746095,380.8791741943359,0.003137941867020544,0.012450613008951426,22.190055100668616,0.025679762101389114
2022-09-02,372.76971435546875,381.62708880615634,370.95452075647603,380.4106274783638,99632100,384.7889678955078,381.14869689941406,-0.010544515224715667,0.012591388289319435,18.200809869228607,0.047751446223380345
2022-09-06,371.3632507324219,374.55645129385596,369.1394084122668,373.61560273606375,76637400,382.64211120605466,381.16162353515625,-0.0037730093644509077,0.012589699742984179,16.55799207747353,0.00598824981627244
2022-09-07,378.0347900390625,378.80458052107474,370.83106274975944,371.0496273293859,70964200,381.25743408203124,381.3363018798828,0.0179649959803041,0.013401305781341414,26.788954349947588,-0.007994466009291323
2022-09-08,380.50567626953125,380.9618311489722,374.5564050265275,375.7633824847431,80821700,379.99440002441406,381.71131225585935,0.0065361344923133835,0.012476047036887854,28.35558066314003,-0.025625641120239018
2022-09-09,386.41693115234375,387.28176346215974,382.4824212375365,382.74852125573165,76706900,378.76748046875,382.2104425048828,0.015535260710868526,0.013095887614382632,37.863161178808575,-0.047850871616184065
2022-09-12,390.57000732421875,391.2922912350759,388.1845910416869,388.488713636019,69256300,379.3053833007813,382.8513671875,0.010747655801442324,0.01270423085849677,48.00339650231381,-0.050670024014318304
2022-09-13,373.5870666503906,383.09068051072757,372.4656471755256,381.883702988719,122947100,378.3996856689453,383.0767932128906,-0.04348244963861314,0.01564617705542613,37.41333828283193,-0.01890668625218017
2022-09-14,375.0126037597656,376.5331877578143,371.7053357392143,374.8890521407821,85023700,378.0566101074219,383.3170452880859,0.0038158095839786466,0.015690263527350274,37.560326972189266,-0.03968527099471675
2022-09-15,370.7549743652344,376.30508130578556,369.4814936051546,373.4539971854713,87633800,377.5757293701172,383.4476257324219,-0.011353296800815538,0.015761275208000945,30.482120922614982,-0.036816340311990436
2022-09-16,367.9265441894531,368.5849896074333,364.63431709955245,366.5715037074268,103084800,376.69415588378905,383.41253662109375,-0.007628839452859082,0.01568198549635097,35.82233186791926,-0.04567394564978389
2022-09-19,370.7798156738281,370.7798156738281,364.70114963446014,364.77750717597377,73278500,376.495166015625,383.44059326171873,0.007755003082641876,0.015788407290309316,40.30579243159244,-0.062385918087118575
2022-09-20,366.5237731933594,368.4609306805626,363.7659614872204,367.44941174370973,77274900,376.01121826171874,383.4679223632813,-0.011478625050649338,0.015391850748060217,40.269361947019505,-0.053919689105581536
2022-09-21,360.130126953125,371.5049508543684,360.1205749829473,368.451290827239,106746600,374.220751953125,383.432001953125,-0.017444015116753198,0.015707666002245727,38.08428764901414,-0.018177413220725747
2022-09-22,357.1051330566406,360.99852235439477,356.3608073472819,359.3571850053135,89472600,371.8806976318359,383.3735968017578,-0.008399724627531913,0.01563801867312494,35.2592297330731,-0.030543460602595163
2022-09-23,351.12188720703125,353.6697589480902,346.675007940967,353.6315801864885,122346900,368.3511932373047,383.2130126953125,-0.016754858151703966,0.0152028089789894,34.226059436799375,-0.029270191234465504
2022-09-26,347.64837646484375,353.27853570562985,346.42691809015844,349.6523393463072,92581200,364.0590301513672,382.8457257080078,-0.009892606723600261,0.013789480986753096,33.22519826321896,0.006313257445612841
2022-09-27,346.76092529296875,353.459857136267,344.3657100991575,351.18870108949443,108294100,361.376416015625,382.5211340332031,-0.002552726352124224,0.01379473240989579,25.906824920793,0.04015080269042581
2022-09-28,353.5838928222656,355.27293178744674,346.01657657366974,347.71516751010176,110802200,359.233544921875,382.1368475341797,0.019676287123563174,0.014744770771811345,30.56301130517359,0.01770445400003462
2022-09-29,346.1979064941406,350.3203103402681,343.24923029563433,350.03404240715685,112952300,356.7778381347656,381.5573223876953,-0.02088892191658087,0.015240322320683055,21.568113066789095,0.028694454167953243
2022-09-30,340.844482421875,349.17522920833704,340.7109004194997,345.25318357199444,153711200,354.0696319580078,380.7943194580078,-0.015463479044337425,0.015352106195391832,15.434336937392558,0.015706353919027194
2022-10-03,349.8431701660156,351.6944470852205,342.78161312339256,344.5660844856892,89756500,351.97596740722656,380.2816174316406,0.026401154216140865,0.016790233134680487,31.434074786765322,-0.017975496658528156
2022-10-04,360.68365478515625,360.7122815791371,349.8050362444443,355.3683901017397,103602800,351.39195556640624,379.97660278320313,0.03098669787949948,0.018428778132866662,40.233783014185974,-0.05352282897824012
2022-10-05,359.8439025878906,362.1055067151951,353.9847287224127,356.3131384107271,88065700,351.3633331298828,379.7437451171875,-0.0023282236001679335,0.017862434977727826,42.19990261168241,-0.0544432302791068
2022-10-06,356.1318664550781,361.399401090527,355.6356297985948,358.4411724636354,82333500,351.26600646972656,379.24372314453126,-0.010315684401254632,0.01782056704524621,41.67342436476919,-0.019373114834114857
2022-10-07,346.1979064941406,356.2176918591457,344.432509914981,352.09525889115315,107789500,350.7736083984375,378.44941772460936,-0.02789404963902764,0.018067735915477924,34.223391295150876,-0.01422302278703691
2022-10-10,343.5545654296875,347.55293916401916,341.31206538570666,347.3143728510966,76042800,350.3642272949219,377.4897216796875,-0.007635346762265516,0.017670282260455486,34.946809680858095,0.01888795796189524
2022-10-11,341.37884521484375,346.4269166005978,339.44168789952687,341.8559778454328,92482800,349.8260192871094,376.50969970703125,-0.00633296842416442,0.015350008393241665,36.9919280946679,0.03742934885898852
2022-10-12,340.2528381347656,343.36375237835983,340.0047198340521,341.7892204341487,76991800,348.4929138183594,375.55866760253906,-0.003298409072095443,0.015231907262076155,37.992934257457776,0.03348645062225297
2022-10-13,349.23248291015625,350.7020596679561,332.1892890254387,333.2389867095814,147254500,348.79637145996094,374.665771484375,0.02639109441266152,0.016642601144679206,48.708946621223724,-0.0015302809855247679
2022-10-14,341.27392578125,353.3263019525563,340.63455517563204,351.6944872171797,123737000,348.8393157958984,373.61902587890626,-0.02278870814818701,0.01720713139570058,45.89581946462802,0.04658430970813909
2022-10-17,350.0436096191406,351.15056087847387,340.9399103655982,347.362126415413,93168200,348.85935974121094,372.7609796142578,0.025696905551207738,0.018266106277360375,51.918795083666225,0.03284991084310529
2022-10-18,354.15643310546875,358.2788655814361,350.711520738244,357.97349374132114,97162900,348.2066375732422,371.99431396484374,0.011749460276686774,0.018417443204424167,50.345611211059556,0.03715718003570534
2022-10-19,351.6466979980469,354.8434919860376,348.8316042350714,352.11427858955096,79746900,347.3869171142578,371.2086248779297,-0.0070865156547205155,0.01808983829577589,53.49488253956323,0.03668947688656865
2022-10-20,348.69805908203125,355.6260339289677,347.9346294295258,351.1982293100266,88283100,346.64353637695314,370.1997412109375,-0.0083852313495405,0.01808952809560441,55.19766585123881,0.03987305246969708
2022-10-21,357.17193603515625,357.65859149270045,346.9135849578602,348.4213111862988,131038400,347.7409393310547,369.36033508300784,0.024301474391434708,0.018535879294032987,54.884263920159285,0.03935444953395528
2022-10-24,361.5425109863281,362.6780890904026,356.0459332134546,358.69881886172783,85436900,349.53973388671875,368.4731982421875,0.012236613547212505,0.01851083927687651,50.62640531092344,0.019373218170806616
2022-10-25,367.3158874511719,367.6307822511573,361.35172810251584,361.46623530251054,78846300,352.13343811035156,367.668076171875,0.015968734766745207,0.018726626862542783,55.08381456562021,-0.0010395301443386629
2022-10-26,364.5484313964844,369.8541443090124,363.90908993272876,364.1667310883198,104087300,354.56299743652346,366.79163940429686,-0.007534267232193637,0.018441361250294875,55.80105523448299,-0.01871638437262224
2022-10-27,362.6017150878906,367.3921160917615,361.9814193866082,365.55039117436706,81971800,355.89992065429686,365.9342401123047,-0.005340075943096045,0.017754389816998027,62.70506992610297,-0.02360640489059973
2022-10-28,371.2282409667969,371.7053735710983,362.31540741307015,362.49672013245373,100302000,358.8953521728516,365.2258013916016,0.023790637274882398,0.017837486300266884,69.6157751490093,-0.03256895301184837
2022-10-31,368.5467529296875,370.63659603718315,367.6402184672529,368.7662444084812,96631300,360.74566650390625,364.5730255126953,-0.007223286757833791,0.017231891450765043,69.12018267994154,-0.01620861604399937
2022-11-01,366.9340515136719,372.53561281137877,365.7603239323339,372.2970465066368,85407600,362.02342834472654,364.05507019042966,-0.004375839437454787,0.015948303146545714,68.6498967129901,-0.00655339311251657
2022-11-02,357.72540283203125,370.85610174230845,357.62044763501416,366.34241671143474,126990400,362.631298828125,363.3719470214844,-0.025096195470693528,0.016976322983524774,55.91752010880058,-0.0019739896430166493
2022-11-03,354.0419921875,357.08610094389695,351.9235219733596,354.4809460886305,87100100,363.1656921386719,362.59006652832034,-0.010296754480868642,0.01697572739772796,59.4598371145489,0.06382554704459387
2022-11-04,359.1377258300781,361.5424637304622,353.0781357834755,359.75799240640606,103505200,363.3622711181641,361.79909851074217,0.014393020475038654,0.015941231337874017,57.1257428327934,0.05888152206471231
2022-11-07,362.5731201171875,363.1647599563083,358.3552545876023,360.43554599672575,68286900,363.46533203125,361.3467413330078,0.009565673667864205,0.015860293105691987,56.66570313768862,0.03992628103369511
2022-11-08,364.5293884277344,367.50669186220006,360.445133617555,363.6800782301254,84641100,363.1866821289062,360.9844482421875,0.005395513903277083,0.015720391445308755,60.29284401808599,0.04316738048601332
2022-11-09,357.0192565917969,363.7086651999319,356.52302003221314,362.5539832992573,78495500,362.4337646484375,360.55596618652345,-0.020602267126745955,0.01656226351271336,56.19668754281019,0.05698555416804463
2022-11-10,376.638916015625,376.9729146439448,368.0028280194402,370.30258141366954,141455800,363.8374847412109,360.5774688720703,0.05495406497431743,0.01966769259562036,62.43291348060923,-0.0011400370645738844
2022-11-11,380.2843017578125,381.08588117365133,375.608378149284,377.49783406496215,93839900,364.7430908203125,360.6483093261719,0.009678728318228913,0.018657084223213726,62.08167278556143,-0.006223178652125072
2022-11-14,377.04931640625,381.8778966959395,376.7725713035823,378.51889318368023,71903500,365.5933471679688,360.7339013671875,-0.008506754911021042,0.018280781559607204,56.48683311889872,-0.001341383740159574
2022-11-15,380.2651672363281,383.91046764433503,376.44810606485254,382.8035164099832,93194500,366.92645874023435,360.9119396972656,0.00852899260162876,0.018221898910540033,60.41217162617222,0.003538292796397391
2022-11-16,377.36419677734375,379.5876219491824,376.7343782310451,378.6333567193718,68508500,368.8903381347656,360.8985278320313,-0.007628809338672493,0.01823921823910907,59.65787734615361,0.01762545216639566
2022-11-17,376.20953369140625,376.88708300619,372.2970693510568,372.60241210724644,74496300,371.1070922851562,360.81260498046873,-0.0030598109089262637,0.01809191520729489,53.6119727712924,0.020520482681429364
2022-11-18,377.917724609375,379.61631585385857,375.0644803868105,379.5495102867139,92922500,372.98509216308594,360.6426208496094,0.0045405306484602725,0.01745063293447432,56.89224531498443,-0.0003032234224468189
2022-11-21,376.5435485839844,377.7173054097724,374.70182350827446,376.59127932303574,51243200,374.38213500976565,360.3620916748047,-0.0036361777601486844,0.01736773029119909,57.092563444390485,0.0016219047590488866
2022-11-22,381.61065673828125,381.7728946397623,377.07789693039774,378.49021994388283,60429000,376.0902618408203,360.5225634765625,0.013456898075540069,0.017271554993430773,68.7771459060663,0.01945497255493933
2022-11-23,384.0154113769531,384.5020668220049,381.0476314864747,381.2766458135579,68261600,378.7898773193359,360.70261962890623,0.006301591939873674,0.017144074694583275,74.04673077045493,0.012325586921263065
2022-11-25,383.9295349121094,384.4830250793276,383.175686313319,383.45240227506304,30545400,379.51893920898436,360.96611083984374,-0.00022362765217109892,0.017055070095149408,71.62827747563159,0.011383715073116862
2022-11-28,377.8031311035156,382.47902466355777,377.0397014860041,380.83768738823574,67881600,379.2708221435547,361.163642578125,-0.01595710475881007,0.01681882653551673,62.690739869546974,0.009295183068813495
2022-11-29,377.1542663574219,379.1295732981502,375.312512286855,377.9367417321205,52310000,379.28131713867185,361.2911315917969,-0.001717467889158275,0.016721743401935,60.75427475740674,-0.003542232281981028
2022-11-30,389.0348815917969,389.0348815917969,375.4843314190897,377.4023849238339,144566700,380.1582885742188,361.7413537597656,0.031500678354029255,0.01796085256488445,75.38202919196591,-0.03561639000007455
2022-12-01,388.7486267089844,391.2487972907091,386.2389041546695,390.07504041496463,76398200,381.29673156738284,362.3137237548828,-0.0007358077549274311,0.016733618612316627,63.8447008155168,-0.027345573640255583
2022-12-02,388.3000793457031,389.20661386702676,383.7482445522166,383.8531997520255,85342700,382.5057861328125,362.93762268066405,-0.0011538236599791807,0.016436176141238924,59.886925263019215,-0.03349631639625117
2022-12-05,381.31488037109375,386.41065374736974,379.9598399084257,385.47549236036787,77289800,382.8455017089844,363.54148254394534,-0.017989177304263304,0.017021296825446185,54.81576778582317,-0.0016015300930953824
2022-12-06,375.81829833984375,381.69657620844976,373.7284840801718,381.1526671084108,77972200,382.7729766845703,364.1048809814453,-0.014414811260186733,0.01738523859098948,45.225423949848846,0.020668765277331858
2022-12-07,375.1788635253906,377.5454514150904,374.04328574687645,374.9689240422571,65927900,382.1297973632812,364.67323974609377,-0.0017014467291183166,0.017383350166591153,47.533855291316335,0.01587158013255552
2022-12-08,378.1180725097656,379.18684498444895,375.2839034087124,377.068403979044,60737900,381.5400634765625,365.16392333984373,0.007834153973271807,0.016619532811954496,52.070393169116144,-0.01668193010702923
2022-12-09,375.29345703125,379.43496494979524,375.1693978824169,376.877540928146,81447700,380.67645568847655,365.74583435058594,-0.007470194322549029,0.011387831278496954,47.220505527183406,-0.02097772446301782
2022-12-12,380.7041931152344,380.7041931152344,375.41755464321574,376.0855229503339,75405800,380.96656188964846,366.54302856445315,0.014417347232178912,0.011648686221173031,54.0596246955341,-0.043075483881052534
2022-12-13,383.58599853515625,391.7163278716569,380.8186351718438,391.45868674150205,123782500,381.6097351074219,367.21788513183594,0.007569670815392282,0.011576573150383348,52.013234948325476,-0.04896523653657081
2022-12-14,381.133544921875,386.95456892239247,378.18486871743545,383.24246302501166,108111300,380.81960144042966,367.6268829345703,-0.006393490958081616,0.011541394964802373,47.065703410238484,-0.028533786255150906
2022-12-15,371.8103332519531,377.17329870946276,370.1499212179962,376.2667351726121,117705900,379.1257720947266,367.86621154785155,-0.024461797693070997,0.01269654510479705,39.61400010670494,-0.018380707451343348
2022-12-16,367.420654296875,370.5937737780776,365.2828900409104,369.2516737227571,119858000,377.03782958984374,368.0919873046875,-0.01180623173295059,0.01293183584757739,40.82936861995628,-0.000939147682156638
2022-12-19,364.30517578125,367.9480534682601,362.6371386607899,367.6125210258833,79878100,375.33685913085935,368.4541326904297,-0.00847932330202561,0.012960518449230284,39.12454778065754,0.0036313977941206943
2022-12-20,364.8036193847656,366.4237355185501,362.22485603598886,363.5477938735729,74427200,374.2353912353516,368.8791137695313,0.0013682034641608887,0.012970551997457757,24.59590724103508,-0.010195932117466389
2022-12-21,370.25836181640625,371.3895586231339,366.864742140629,367.40158229485894,78167400,373.74334106445315,369.4567041015625,0.014952544716633875,0.013065307785008229,32.51019992252273,-0.007223910141135104
2022-12-22,364.9761962890625,370.23916053307846,359.2722332289845,367.209831595386,100120900,372.4291534423828,369.95117126464845,-0.014266161340504513,0.013233257582349027,29.78647549416587,0.004491477096945307
